,Qvalue,action,index,left,light,oncoming,reward,right,testing,trial,waypoint
0,2.11956594193,left,1.0,,green,parado,1.11956594193,,0.0,1.0,forward
1,-4.33412939959,parado,4.0,,green,forward,-5.39391237055,,0.0,1.0,right
2,-4.28665197241,parado,8.0,,green,parado,-5.29006110762,,0.0,1.0,right
3,3.16409623633,parado,12.0,,red,parado,2.15999567739,,0.0,1.0,right
4,3.33302632806,parado,12.0,,red,parado,1.7509782099,,0.0,1.0,right
5,2.68427809618,left,9.0,,green,parado,1.01776493214,,0.0,1.0,right
6,-8.80656655951,forward,15.0,,red,parado,-10.1487056076,,0.0,1.0,right
7,-7.46291234998,left,13.0,,red,parado,-9.12942551401,,0.0,1.0,right
8,2.63995583717,parado,12.0,,red,parado,0.973442673142,,0.0,1.0,right
9,-8.96764837657,forward,15.0,,red,parado,-10.2876262952,,0.0,1.0,right
10,-7.91637331741,forward,15.0,,red,parado,-9.23635123599,,0.0,1.0,right
11,1.55135682259,left,9.0,,green,parado,0.231378904,,0.0,1.0,right
12,0.743599137492,forward,19.0,,green,parado,-0.259538386035,,0.0,1.0,left
13,1.70592072498,forward,19.0,,green,parado,0.702233957829,,0.0,1.0,left
14,-19.4168935003,left,21.0,,green,forward,-20.4205802674,,0.0,1.0,left
15,-9.73012344853,forward,27.0,,red,right,-10.7347418837,,0.0,1.0,left
16,2.94975098751,parado,28.0,,red,parado,1.94503982955,,0.0,1.0,left
17,2.56414349162,left,17.0,,green,parado,1.08926799786,,0.0,1.0,left
18,-18.1106570596,left,33.0,,green,right,-19.3927288054,,0.0,1.0,forward
19,-8.68538645172,left,37.0,,red,parado,-9.69030274605,,0.0,1.0,forward
20,-39.8932120338,forward,39.0,,red,parado,-40.8932120338,,0.0,2.0,forward
21,3.82529085811,parado,36.0,,red,parado,2.82042738424,,0.0,2.0,forward
22,-7.45040377596,left,41.0,,red,left,-9.36304920502,,0.0,2.0,forward
23,2.73718090234,parado,40.0,,red,left,1.73218665361,,0.0,2.0,forward
24,3.51625902664,parado,40.0,,red,left,2.14766857547,,0.0,2.0,forward
25,-7.62996059098,left,41.0,,red,left,-9.3880901043,,0.0,2.0,forward
26,2.79616210779,left,45.0,,green,left,1.03803259447,,0.0,2.0,forward
27,-8.91884958977,left,49.0,,red,left,-10.3169306437,,0.0,2.0,right
28,-9.20593615883,forward,51.0,,red,left,-10.2098893524,,0.0,2.0,right
29,0.881708019793,forward,55.0,,green,left,-0.122245173747,,0.0,2.0,right
30,1.78147059427,forward,55.0,,green,left,0.779875485124,,0.0,2.0,right
31,2.01609300497,parado,56.0,,red,forward,1.01449789582,,0.0,2.0,right
32,2.34474466874,parado,56.0,,red,forward,1.33669816625,,0.0,2.0,right
33,-9.39253415298,left,57.0,,red,forward,-10.5649064873,,0.0,2.0,right
34,2.08811566165,parado,56.0,,red,forward,0.915743327283,,0.0,2.0,right
35,-9.21152280063,forward,59.0,,red,forward,-10.2555806315,,0.0,2.0,right
36,2.57594663427,forward,7.0,,green,forward,1.53188880345,,0.0,2.0,right
37,1.65926368026,left,9.0,,green,parado,0.371290363122,,0.0,2.0,right
38,0.739801913989,left,1.0,,green,parado,-0.263335609539,,0.0,2.0,forward
39,3.02915274577,parado,12.0,,red,parado,2.02648847718,,0.0,2.0,right
40,2.43638303925,parado,48.0,,red,left,0.921806666365,,0.0,2.0,right
41,1.27989120542,left,53.0,,green,left,0.0616996857907,,0.0,2.0,right
42,1.70491824059,left,1.0,,green,parado,0.704755745281,,0.0,2.0,forward
43,-18.033858631,left,5.0,,green,forward,-19.0365228996,,0.0,2.0,right
44,-4.15563290741,parado,8.0,,green,parado,-5.44360622455,,0.0,2.0,right
45,2.83531394219,parado,36.0,,red,parado,1.83531394219,,0.0,3.0,forward
46,-9.51583731149,forward,39.0,,red,parado,-10.9334942826,,0.0,3.0,forward
47,-8.81651829859,forward,39.0,,red,parado,-10.2341752697,,0.0,3.0,forward
48,4.29624749503,forward,3.0,,green,parado,2.87859052393,,0.0,3.0,forward
49,4.10023820688,forward,47.0,,green,left,1.95211445936,,0.0,3.0,forward
50,4.73371101539,parado,36.0,,red,parado,2.68359191195,,0.0,3.0,forward
51,4.7951637787,parado,60.0,,red,forward,2.42830827101,,0.0,3.0,forward
52,4.98318455203,parado,40.0,,red,left,2.58560266268,,0.0,3.0,forward
53,4.12547130766,parado,40.0,,red,left,1.63387903164,,0.0,3.0,forward
54,3.6622523397,left,45.0,,green,left,1.59951668587,,0.0,3.0,forward
55,4.29451837187,parado,12.0,,red,parado,2.24439926843,,0.0,3.0,right
56,4.55411006841,parado,12.0,,red,parado,2.40685088247,,0.0,3.0,right
57,4.16182088226,parado,12.0,,red,parado,1.88476584806,,0.0,3.0,right
58,-3.05474441954,parado,8.0,,green,parado,-5.13565486067,,0.0,3.0,right
59,1.96139330143,forward,11.0,,green,parado,0.958255777905,,0.0,3.0,right
60,-18.7822490757,left,5.0,,green,forward,-19.784623337,,0.0,3.0,right
61,2.66159432408,left,9.0,,green,parado,1.37362100694,,0.0,3.0,right
62,-9.59402970652,forward,51.0,,red,left,-10.9248268686,,0.0,3.0,right
63,-37.8918274908,forward,51.0,,red,left,-39.1100190104,,0.0,3.0,right
64,2.44209957903,forward,55.0,,green,left,1.2239080594,,0.0,3.0,right
65,2.40354148817,parado,12.0,,red,parado,1.18249169866,,0.0,3.0,right
66,-9.51119749775,left,13.0,,red,parado,-10.7129682418,,0.0,3.0,right
67,2.05077358158,parado,52.0,,green,left,0.849002837493,,0.0,3.0,right
68,-3.49715171616,parado,8.0,,green,parado,-4.71820150567,,0.0,3.0,right
69,2.45050086759,left,9.0,,green,parado,1.11970370555,,0.0,3.0,right
70,2.02718483462,left,17.0,,green,parado,0.80193440083,,0.0,3.0,left
71,-8.31926892544,left,41.0,,red,left,-9.33286134276,,0.0,3.0,forward
72,3.87199461388,parado,40.0,,red,left,1.80925896006,,0.0,3.0,forward
73,2.52874840714,forward,47.0,,green,left,0.592751100202,,0.0,3.0,forward
74,1.7229104782,left,1.0,,green,parado,-0.108215691647,,0.0,3.0,forward
75,-8.48602424981,forward,59.0,,red,forward,-10.6341479973,,0.0,3.0,right
76,-3.17749726529,parado,4.0,,green,forward,-4.22155509611,,0.0,3.0,right
77,-19.3258709769,left,65.0,,green,right,-20.613844294,,0.0,3.0,right
78,1.29254928377,parado,56.0,,red,forward,0.288570870535,,0.0,3.0,right
79,2.36247492619,parado,56.0,,red,forward,1.36168250444,,0.0,3.0,right
80,2.85518145943,right,34.0,,green,right,1.85518145943,,0.0,4.0,forward
81,3.3789613654,right,70.0,,red,forward,1.95137063568,,0.0,4.0,left
82,-3.30770444743,parado,16.0,,green,parado,-4.99718513013,,0.0,4.0,left
83,3.18675401127,parado,28.0,,red,parado,2.17316159396,,0.0,4.0,left
84,3.0717762582,parado,28.0,,red,parado,1.47839925257,,0.0,4.0,left
85,2.48770104171,forward,19.0,,green,parado,0.951812912611,,0.0,4.0,left
86,3.25019465814,parado,36.0,,red,parado,2.00634413729,,0.0,4.0,forward
87,2.81563686647,right,74.0,,green,forward,1.1905395374,,0.0,4.0,forward
88,4.09186381484,parado,28.0,,red,parado,2.68404538161,,0.0,4.0,left
89,-37.777980546,left,29.0,,red,parado,-39.8239124534,,0.0,4.0,left
90,4.56816571218,parado,28.0,,red,parado,2.52223380476,,0.0,4.0,left
91,2.38903636057,parado,76.0,,green,left,0.104953504476,,0.0,4.0,left
92,2.83981151983,left,17.0,,green,parado,1.64529333955,,0.0,4.0,left
93,-9.00911620738,forward,39.0,,red,parado,-10.4290219673,,0.0,4.0,forward
94,3.96172913081,parado,36.0,,red,parado,2.33663180174,,0.0,4.0,forward
95,2.83380241083,forward,3.0,,green,parado,0.852937845425,,0.0,4.0,forward
96,2.55458877445,forward,75.0,,green,forward,1.13768756903,,0.0,4.0,forward
97,1.74432397343,parado,36.0,,red,parado,0.336505540196,,0.0,4.0,forward
98,1.81453228992,parado,36.0,,red,parado,0.810409529764,,0.0,4.0,forward
99,0.666451072514,left,1.0,,green,parado,-0.337671687644,,0.0,4.0,forward
100,-8.45871465205,forward,31.0,,red,parado,-9.45871465205,,0.0,5.0,left
101,4.22953988131,right,82.0,,red,left,1.94545702522,,0.0,5.0,left
102,3.67766509007,left,9.0,,green,parado,1.56289514941,,0.0,5.0,right
103,3.68208258143,parado,12.0,,red,parado,1.84325003639,,0.0,5.0,right
104,2.05423359084,left,9.0,,green,parado,0.213192300131,,0.0,5.0,right
105,-4.22929175909,parado,16.0,,green,parado,-5.25640855452,,0.0,5.0,left
106,4.06851459983,parado,24.0,,red,right,2.64860883991,,0.0,5.0,left
107,-8.54347870033,left,69.0,,red,forward,-10.5777360002,,0.0,5.0,left
108,-17.9099309142,right,70.0,,red,forward,-19.5994115969,,0.0,5.0,left
109,-8.50852005468,forward,71.0,,red,forward,-9.5119667593,,0.0,5.0,left
110,3.39915258843,parado,68.0,,red,forward,2.39570588381,,0.0,5.0,left
111,2.23760327245,forward,23.0,,green,forward,0.538026978233,,0.0,5.0,left
112,-3.25845632356,parado,16.0,,green,parado,-4.37725795978,,0.0,5.0,left
113,2.38315680269,left,17.0,,green,parado,0.963251042771,,0.0,5.0,left
114,2.22547992571,forward,3.0,,green,parado,0.981629404853,,0.0,5.0,forward
115,0.943786948357,left,9.0,,green,parado,-0.168953014497,,0.0,5.0,right
116,-4.89131887616,parado,8.0,,green,parado,-5.89369313743,,0.0,5.0,right
117,3.26026429537,right,10.0,,green,parado,2.25789003409,,0.0,5.0,right
118,2.19510351845,parado,12.0,,red,parado,0.564971370762,,0.0,5.0,right
119,2.97338322188,right,10.0,,green,parado,1.87583146266,,0.0,5.0,right
120,3.04909570424,parado,12.0,,red,parado,2.04909570424,,0.0,6.0,right
121,2.53462825122,parado,12.0,,red,parado,1.0100803991,,0.0,6.0,right
122,3.66382609239,parado,12.0,,red,parado,2.39651196678,,0.0,6.0,right
123,4.65829996081,parado,56.0,,red,forward,2.82638691461,,0.0,6.0,right
124,-18.0855952945,left,5.0,,green,forward,-20.4147452749,,0.0,6.0,right
125,4.02490369175,right,10.0,,green,parado,2.73693037461,,0.0,6.0,right
126,3.91010433584,forward,3.0,,green,parado,1.89765248997,,0.0,6.0,forward
127,2.86903269534,left,9.0,,green,parado,0.913980527413,,0.0,6.0,right
128,3.5330271429,parado,40.0,,red,left,1.52057529702,,0.0,6.0,forward
129,3.68501904156,parado,40.0,,red,left,1.91850547011,,0.0,6.0,forward
130,4.46219467676,parado,40.0,,red,left,2.61968515598,,0.0,6.0,forward
131,2.33880186909,left,45.0,,green,left,0.107704530713,,0.0,6.0,forward
132,4.02763873092,parado,56.0,,red,forward,2.76326452735,,0.0,6.0,right
133,2.79115593761,forward,7.0,,green,forward,0.777336572148,,0.0,6.0,right
134,2.2321630519,right,10.0,,green,parado,0.8365850831,,0.0,6.0,right
135,-8.64297257001,forward,87.0,,red,right,-10.0774889177,,0.0,6.0,right
136,-19.2711699951,left,65.0,,green,right,-20.2732808475,,0.0,6.0,right
137,0.67650949772,forward,7.0,,green,forward,-0.327468915515,,0.0,6.0,right
138,-38.6097760139,left,49.0,,red,left,-39.6131851491,,0.0,6.0,right
139,2.01220864889,parado,48.0,,red,left,0.794017129264,,0.0,6.0,right
140,-9.02817936801,left,49.0,,red,left,-10.0342836925,,0.0,6.0,right
141,2.03102805653,forward,55.0,,green,left,1.02492373209,,0.0,6.0,right
142,-19.2229093307,left,5.0,,green,forward,-20.2482961215,,0.0,6.0,right
143,1.71916291039,parado,12.0,,red,parado,0.71575377518,,0.0,6.0,right
144,2.69971639421,parado,48.0,,red,left,1.69647341661,,0.0,6.0,right
145,-38.1247765664,forward,59.0,,red,forward,-39.1247765664,,0.0,7.0,right
146,4.4575254368,parado,48.0,,red,left,2.44370607134,,0.0,7.0,right
147,4.84904922609,parado,48.0,,red,left,2.62028650769,,0.0,7.0,right
148,4.03231373478,parado,52.0,,green,left,1.60778912174,,0.0,7.0,right
149,3.2473297417,parado,52.0,,green,left,1.2311728743,,0.0,7.0,right
150,3.73685055631,parado,84.0,,red,right,2.11318568546,,0.0,7.0,right
151,3.09195131496,parado,48.0,,red,left,1.22352603681,,0.0,7.0,right
152,1.98335717895,forward,55.0,,green,left,0.437381521469,,0.0,7.0,right
153,-7.96516732387,forward,15.0,,red,parado,-9.58883219472,,0.0,7.0,right
154,1.01617141787,left,9.0,,green,parado,0.0129284402726,,0.0,7.0,right
155,-4.79079963867,parado,64.0,,green,right,-5.90688116462,,0.0,7.0,right
156,3.31504847526,parado,48.0,,red,left,2.31193567507,,0.0,7.0,right
157,3.82445711035,parado,48.0,,red,left,2.16693287271,,0.0,7.0,right
158,2.46909119545,parado,52.0,,green,left,0.556862640273,,0.0,7.0,right
159,-3.5406399832,parado,64.0,,green,right,-4.77518558092,,0.0,7.0,right
160,-39.7379575814,left,13.0,,red,parado,-40.7410703816,,0.0,7.0,right
161,-9.87663947826,forward,15.0,,red,parado,-10.8798824559,,0.0,7.0,right
162,2.20837656951,right,10.0,,green,parado,1.20513359191,,0.0,7.0,right
163,3.2395441218,parado,48.0,,red,left,2.13535583705,,0.0,7.0,right
164,-8.81131240533,forward,51.0,,red,left,-10.4310844662,,0.0,7.0,right
165,-39.0499961795,forward,31.0,,red,parado,-40.0499961795,,0.0,8.0,left
166,3.56717824427,parado,28.0,,red,parado,1.28309538818,,0.0,8.0,left
167,3.02238465002,parado,28.0,,red,parado,1.23879552788,,0.0,8.0,left
168,3.38586234077,parado,28.0,,red,parado,1.87467001576,,0.0,8.0,left
169,-2.74662191447,parado,16.0,,green,parado,-4.43955308485,,0.0,8.0,left
170,2.56279417724,forward,19.0,,green,parado,1.31894365638,,0.0,8.0,left
171,2.57661968384,forward,19.0,,green,parado,1.29522259522,,0.0,8.0,left
172,-39.075134843,forward,31.0,,red,parado,-40.3634446849,,0.0,8.0,left
173,-8.45504111615,forward,31.0,,red,parado,-10.1479722865,,0.0,8.0,left
174,3.65191481841,parado,28.0,,red,parado,1.95898364802,,0.0,8.0,left
175,2.33527741458,forward,19.0,,green,parado,0.509320005374,,0.0,8.0,left
176,-17.8919766479,left,89.0,,green,right,-19.0835550493,,0.0,8.0,left
177,3.31638711493,left,17.0,,green,parado,2.31316798651,,0.0,8.0,left
178,2.49543363297,parado,40.0,,red,left,0.837240075507,,0.0,8.0,forward
179,3.1974220827,parado,40.0,,red,left,1.94970526621,,0.0,8.0,forward
180,3.84308107933,parado,40.0,,red,left,2.24437003798,,0.0,8.0,forward
181,1.94308453854,parado,44.0,,green,left,0.0215439988783,,0.0,8.0,forward
182,3.0197024202,forward,3.0,,green,parado,1.75532821663,,0.0,8.0,forward
183,-8.09608497405,left,37.0,,red,parado,-9.60593618415,,0.0,8.0,forward
184,2.46495357623,left,1.0,,green,parado,1.46083081608,,0.0,8.0,forward
185,1.00074872714,left,53.0,,green,left,-0.509102482962,,0.0,8.0,right
186,1.74138758426,left,17.0,,green,parado,0.506841986539,,0.0,8.0,left
187,3.28833718162,parado,28.0,,red,parado,2.12069847433,,0.0,8.0,left
188,-37.6075277865,left,29.0,,red,parado,-39.2516963773,,0.0,8.0,left
189,2.96870252257,parado,28.0,,red,parado,1.32453393176,,0.0,8.0,left
190,3.92800910656,parado,60.0,,red,forward,2.92800910656,,0.0,9.0,forward
191,3.55677849609,parado,60.0,,red,forward,1.59277394281,,0.0,9.0,forward
192,3.6014851751,parado,60.0,,red,forward,1.82309592706,,0.0,9.0,forward
193,4.59908031331,parado,60.0,,red,forward,2.79833772576,,0.0,9.0,forward
194,5.07292751259,forward,75.0,,green,forward,2.77338735593,,0.0,9.0,forward
195,4.0279414857,forward,3.0,,green,parado,1.49147772941,,0.0,9.0,forward
196,3.77960258381,forward,47.0,,green,left,1.76563184096,,0.0,9.0,forward
197,3.98530339191,parado,40.0,,red,left,2.0955021,,0.0,9.0,forward
198,3.53656486516,parado,40.0,,red,left,1.5439131692,,0.0,9.0,forward
199,3.79729426903,forward,47.0,,green,left,2.02901183645,,0.0,9.0,forward
200,1.32352015323,forward,19.0,,green,parado,0.323520153232,,0.0,10.0,left
201,2.93266705858,right,18.0,,green,parado,1.93150956527,,0.0,10.0,left
202,3.46320737902,parado,28.0,,red,parado,1.99687384973,,0.0,10.0,left
203,2.46131126745,right,90.0,,green,right,0.72970757794,,0.0,10.0,left
204,2.19354154105,right,10.0,,green,parado,0.962885907324,,0.0,10.0,right
205,3.13970929027,forward,75.0,,green,forward,2.04293851975,,0.0,10.0,forward
206,2.7037048102,parado,36.0,,red,parado,1.13385016506,,0.0,10.0,forward
207,3.12296189474,forward,3.0,,green,parado,1.77110948964,,0.0,10.0,forward
208,3.71332255346,right,14.0,,red,parado,2.15184160609,,0.0,10.0,right
209,2.87850301027,forward,3.0,,green,parado,1.02184173354,,0.0,10.0,forward
210,-38.2772873994,forward,83.0,,red,left,-39.2772873994,,0.0,11.0,left
211,3.84012916044,right,82.0,,red,left,1.72535921979,,0.0,11.0,left
212,3.54504262244,right,10.0,,green,parado,1.62497804222,,0.0,11.0,right
213,3.31679930846,parado,36.0,,red,parado,1.54427799724,,0.0,11.0,forward
214,3.1021215523,parado,36.0,,red,parado,1.44372189807,,0.0,11.0,forward
215,4.00942203089,parado,40.0,,red,left,2.45836125474,,0.0,11.0,forward
216,2.95181687503,forward,47.0,,green,left,0.947105859586,,0.0,11.0,forward
217,4.32432182998,parado,36.0,,red,parado,2.84841339247,,0.0,11.0,forward
218,-6.87375810704,left,37.0,,red,parado,-9.03591902203,,0.0,11.0,forward
219,3.76195564951,forward,3.0,,green,parado,1.59979473452,,0.0,11.0,forward
220,-8.92250455755,left,49.0,,red,left,-10.8034823823,,0.0,11.0,right
221,3.31414608575,left,53.0,,green,left,1.69437402485,,0.0,11.0,right
222,3.10581957894,forward,3.0,,green,parado,1.44874653607,,0.0,11.0,forward
223,3.7371251559,forward,3.0,,green,parado,2.18421536643,,0.0,11.0,forward
224,2.28378500513,right,82.0,,red,left,1.28378500513,,0.0,12.0,left
225,2.35699160417,right,82.0,,red,left,1.21509910161,,0.0,12.0,left
226,1.18850219982,forward,67.0,,green,right,0.0100063977313,,0.0,12.0,right
227,1.1634579046,forward,55.0,,green,left,0.161236862028,,0.0,12.0,right
228,3.16675779,right,14.0,,red,parado,1.50968474713,,0.0,12.0,right
229,3.62483103888,forward,75.0,,green,forward,2.04145214387,,0.0,12.0,forward
230,3.11228808262,forward,47.0,,green,left,1.29987256319,,0.0,12.0,forward
231,4.20632287919,parado,28.0,,red,parado,2.65017883788,,0.0,12.0,left
232,4.57997318035,parado,28.0,,red,parado,2.47681174075,,0.0,12.0,left
233,-17.582540351,right,82.0,,red,left,-19.8725269411,,0.0,12.0,left
234,3.57424891081,left,77.0,,green,left,2.57198320497,,0.0,12.0,left
235,3.03656977947,left,77.0,,green,left,2.03656977947,,0.0,13.0,left
236,3.694873523,parado,68.0,,red,forward,2.17658863327,,0.0,13.0,left
237,3.23471552281,parado,68.0,,red,forward,1.38727876131,,0.0,13.0,left
238,3.35599283662,left,77.0,,green,left,1.73863507521,,0.0,13.0,left
239,3.17703279427,forward,75.0,,green,forward,1.49903637596,,0.0,13.0,forward
240,3.46192855829,forward,3.0,,green,parado,1.87341216115,,0.0,13.0,forward
241,-9.0349809739,left,81.0,,red,left,-10.0349809739,,0.0,14.0,left
242,3.80183114395,parado,80.0,,red,left,2.80147737091,,0.0,14.0,left
243,4.82566597294,parado,80.0,,red,left,2.92475040096,,0.0,14.0,left
244,4.40294631217,parado,80.0,,red,left,1.9901133257,,0.0,14.0,left
245,4.12968205019,parado,76.0,,green,left,1.92820889411,,0.0,14.0,left
246,3.91381741398,right,18.0,,green,parado,1.84897638888,,0.0,14.0,left
247,3.61307483558,parado,12.0,,red,parado,1.65616612859,,0.0,14.0,right
248,2.76208293115,right,10.0,,green,parado,0.955545513365,,0.0,14.0,right
249,3.5747603756,right,10.0,,green,parado,2.19371891003,,0.0,14.0,right
250,4.31257225503,parado,36.0,,red,parado,2.52519206723,,0.0,14.0,forward
251,3.62349590263,parado,36.0,,red,parado,1.46720977511,,0.0,14.0,forward
252,3.43460223481,forward,3.0,,green,parado,1.62285428349,,0.0,14.0,forward
253,4.08538853833,parado,92.0,,red,right,2.36808742093,,0.0,14.0,forward
254,4.53761059873,parado,36.0,,red,parado,2.49491632957,,0.0,14.0,forward
255,3.27190161137,parado,36.0,,red,parado,1.003096312,,0.0,14.0,forward
256,2.68715271601,parado,60.0,,red,forward,1.05120191032,,0.0,14.0,forward
257,2.21467820737,forward,75.0,,green,forward,0.871101849369,,0.0,14.0,forward
258,2.52006667423,parado,92.0,,red,right,1.112248241,,0.0,14.0,forward
259,2.23701607657,parado,36.0,,red,parado,0.976982739454,,0.0,14.0,forward
260,0.896145647069,right,74.0,,green,forward,-0.222362391216,,0.0,14.0,forward
261,1.58188726205,forward,19.0,,green,parado,0.474548158361,,0.0,14.0,left
262,3.67320724907,parado,28.0,,red,parado,1.71629854208,,0.0,14.0,left
263,3.80656788949,parado,28.0,,red,parado,1.96996426496,,0.0,14.0,left
264,3.18449576967,parado,68.0,,red,forward,1.28121182492,,0.0,14.0,left
265,2.60564117524,parado,68.0,,red,forward,1.0133932904,,0.0,14.0,left
266,1.67365600877,forward,23.0,,green,forward,0.370835421151,,0.0,14.0,left
267,0.671690144121,right,18.0,,green,parado,-0.330042367936,,0.0,14.0,left
268,-4.38012775131,parado,20.0,,green,forward,-5.25082154344,,0.0,14.0,left
269,2.54809854932,left,17.0,,green,parado,1.54668183074,,0.0,14.0,left
270,2.2606451762,right,90.0,,green,right,0.986595901541,,0.0,14.0,left
271,3.44715855965,parado,12.0,,red,parado,2.44715855965,,0.0,15.0,right
272,4.02831421964,parado,48.0,,red,left,2.30473493981,,0.0,15.0,right
273,4.01300499526,parado,48.0,,red,left,1.99884788544,,0.0,15.0,right
274,3.86388848741,parado,48.0,,red,left,1.85738598978,,0.0,15.0,right
275,3.98701566658,parado,48.0,,red,left,2.05507142288,,0.0,15.0,right
276,3.81051121171,parado,48.0,,red,left,1.81700337842,,0.0,15.0,right
277,3.3794507319,left,53.0,,green,left,1.47419512604,,0.0,15.0,right
278,-7.41478969083,left,69.0,,red,forward,-9.10451505678,,0.0,15.0,left
279,3.75881616098,parado,68.0,,red,forward,2.45599557336,,0.0,15.0,left
280,2.41802193909,parado,76.0,,green,left,0.538613858595,,0.0,15.0,left
281,2.623836976,right,22.0,,green,forward,0.945840557687,,0.0,15.0,left
282,4.11679144061,right,10.0,,green,parado,2.80487295261,,0.0,15.0,right
283,-38.5739548546,forward,39.0,,red,parado,-40.6323505749,,0.0,15.0,forward
284,2.30822867517,left,1.0,,green,parado,1.18972063688,,0.0,15.0,forward
285,4.38587318861,parado,12.0,,red,parado,2.66857207121,,0.0,15.0,right
286,3.54387853181,parado,12.0,,red,parado,1.3509419375,,0.0,15.0,right
287,1.73577889301,forward,11.0,,green,parado,-0.0361603728981,,0.0,15.0,right
288,-7.06846222244,forward,15.0,,red,parado,-9.12685794274,,0.0,15.0,right
289,-7.92617182935,left,13.0,,red,parado,-9.69811109525,,0.0,15.0,right
290,2.97170381394,right,10.0,,green,parado,1.19976454804,,0.0,15.0,right
291,3.69801774549,parado,36.0,,red,parado,2.21216583852,,0.0,15.0,forward
292,3.82119113686,parado,36.0,,red,parado,1.97218226412,,0.0,15.0,forward
293,2.71704994192,forward,3.0,,green,parado,0.806454373489,,0.0,15.0,forward
294,1.73703857744,forward,47.0,,green,left,0.37851360648,,0.0,15.0,forward
295,-4.64228191813,parado,16.0,,green,parado,-5.81168285267,,0.0,15.0,left
296,3.27239806746,parado,28.0,,red,parado,2.27239806746,,0.0,16.0,left
297,3.42973672549,parado,28.0,,red,parado,1.79353769176,,0.0,16.0,left
298,3.16531905298,parado,68.0,,red,forward,1.45045069024,,0.0,16.0,left
299,2.99384519683,right,22.0,,green,forward,1.41118567034,,0.0,16.0,left
300,2.98463578449,left,77.0,,green,left,1.48771318608,,0.0,16.0,left
301,3.85741785198,left,77.0,,green,left,2.36509995973,,0.0,16.0,left
302,2.89102812906,parado,36.0,,red,parado,0.962319203075,,0.0,16.0,forward
303,-39.4859972428,left,93.0,,red,right,-40.9315113074,,0.0,16.0,forward
304,3.81027446414,parado,60.0,,red,forward,2.55024112703,,0.0,16.0,forward
305,2.31061770406,right,34.0,,green,right,0.405480471986,,0.0,16.0,forward
306,3.89649424559,left,17.0,,green,parado,2.74118539356,,0.0,16.0,left
307,3.62166913818,forward,3.0,,green,parado,1.67342201539,,0.0,16.0,forward
308,2.99944508599,parado,40.0,,red,left,1.1886105169,,0.0,16.0,forward
309,2.05222144544,left,45.0,,green,left,0.552498902441,,0.0,16.0,forward
310,3.48700536933,parado,56.0,,red,forward,2.46089464661,,0.0,16.0,right
311,4.50261412628,parado,56.0,,red,forward,2.75911144162,,0.0,16.0,right
312,4.36066883312,parado,56.0,,red,forward,2.10936176998,,0.0,16.0,right
313,4.79466757949,right,6.0,,green,forward,2.61433316293,,0.0,16.0,right
314,-6.6800308569,left,13.0,,red,parado,-9.07736464664,,0.0,16.0,right
315,3.14546713578,parado,12.0,,red,parado,1.37352786988,,0.0,16.0,right
316,-18.3868597133,right,14.0,,red,parado,-19.9702386083,,0.0,16.0,right
317,-3.59825229879,parado,8.0,,green,parado,-5.17098586668,,0.0,16.0,right
318,1.82354701104,forward,11.0,,green,parado,0.337695104069,,0.0,16.0,right
319,2.13572366525,parado,12.0,,red,parado,0.64987175828,,0.0,16.0,right
320,-9.71645334629,forward,15.0,,red,parado,-10.7843151789,,0.0,16.0,right
321,1.63853872321,right,10.0,,green,parado,0.570676890581,,0.0,16.0,right
322,-19.6446561718,left,5.0,,green,forward,-20.5564296774,,0.0,16.0,right
323,3.23422907915,forward,11.0,,green,parado,0.836895289404,,0.0,16.0,right
324,3.25268192893,parado,12.0,,red,parado,1.63556738935,,0.0,16.0,right
325,1.80262244373,parado,12.0,,red,parado,0.176281479262,,0.0,16.0,right
326,3.79207747977,parado,80.0,,red,left,2.79207747977,,0.0,17.0,left
327,3.01552030518,parado,80.0,,red,left,1.11948156529,,0.0,17.0,left
328,3.02410110759,parado,80.0,,red,left,1.516340955,,0.0,17.0,left
329,4.00299896626,parado,80.0,,red,left,2.49094841246,,0.0,17.0,left
330,3.09463532933,left,77.0,,green,left,1.0931358462,,0.0,17.0,left
331,2.85542542455,right,90.0,,green,right,1.30810775989,,0.0,17.0,left
332,3.80140702281,forward,3.0,,green,parado,2.37369431054,,0.0,17.0,forward
333,3.60124164347,parado,92.0,,red,right,1.70053813206,,0.0,17.0,forward
334,2.89354734468,parado,92.0,,red,right,1.09292652294,,0.0,17.0,forward
335,2.38773210465,forward,3.0,,green,parado,0.940958432309,,0.0,17.0,forward
336,2.89081995906,forward,3.0,,green,parado,1.69695390673,,0.0,17.0,forward
337,2.87214432882,left,77.0,,green,left,1.42673434929,,0.0,17.0,left
338,2.96812980186,forward,75.0,,green,forward,1.96812980186,,0.0,18.0,forward
339,3.97087487423,parado,60.0,,red,forward,2.4868099733,,0.0,18.0,forward
340,3.53518316754,parado,92.0,,red,right,1.54974573042,,0.0,18.0,forward
341,3.96386857996,parado,60.0,,red,forward,2.19627699619,,0.0,18.0,forward
342,2.95753080862,parado,60.0,,red,forward,0.975596518639,,0.0,18.0,forward
343,4.09947900039,forward,75.0,,green,forward,2.62071359608,,0.0,18.0,forward
344,4.02391059151,parado,36.0,,red,parado,1.97417109131,,0.0,18.0,forward
345,4.7828909993,parado,60.0,,red,forward,2.77093570355,,0.0,18.0,forward
346,4.03223328961,parado,60.0,,red,forward,1.64078778996,,0.0,18.0,forward
347,-2.06783598478,parado,72.0,,green,forward,-4.08395262958,,0.0,18.0,forward
348,-3.63240830192,parado,0.0,,green,parado,-5.68214780211,,0.0,18.0,forward
349,2.25903126472,forward,3.0,,green,parado,0.813621285192,,0.0,18.0,forward
350,1.37466517169,left,1.0,,green,parado,0.220550834107,,0.0,18.0,forward
351,1.97982169366,forward,11.0,,green,parado,0.850306061297,,0.0,18.0,right
352,1.5970002339,parado,48.0,,red,left,0.607089387076,,0.0,18.0,right
353,1.06102045914,left,53.0,,green,left,0.0570672656016,,0.0,18.0,right
354,1.40707616541,right,22.0,,green,forward,0.172530567688,,0.0,18.0,left
355,2.55718645485,right,50.0,,red,left,1.72035845047,,0.0,18.0,right
356,1.53800183126,forward,3.0,,green,parado,0.259408603836,,0.0,18.0,forward
357,2.10349078342,parado,12.0,,red,parado,1.10082651484,,0.0,18.0,right
358,3.54403018125,left,17.0,,green,parado,2.54403018125,,0.0,19.0,left
359,3.97055312573,parado,36.0,,red,parado,2.19853803511,,0.0,19.0,forward
360,3.14530207911,parado,40.0,,red,left,1.16002551625,,0.0,19.0,forward
361,3.38835332144,parado,40.0,,red,left,1.81570228188,,0.0,19.0,forward
362,2.66722517345,left,45.0,,green,left,0.973048512733,,0.0,19.0,forward
363,-3.32091900939,parado,8.0,,green,parado,-4.65453159611,,0.0,19.0,right
364,1.446799272,forward,11.0,,green,parado,0.456888425171,,0.0,19.0,right
365,3.44678516329,right,6.0,,green,forward,2.62751580169,,0.0,19.0,right
366,4.58043466383,parado,36.0,,red,parado,2.85704208218,,0.0,19.0,forward
367,3.29039604547,right,2.0,,green,parado,1.00017871356,,0.0,19.0,forward
368,4.2895435506,left,17.0,,green,parado,2.64434552786,,0.0,19.0,left
369,2.03397487071,right,2.0,,green,parado,-0.110796904593,,0.0,19.0,forward
370,3.28052917889,left,77.0,,green,left,2.26354174354,,0.0,19.0,left
371,4.31369982101,parado,28.0,,red,parado,2.67343523156,,0.0,19.0,left
372,3.68047612922,parado,24.0,,red,right,1.52362621872,,0.0,19.0,left
373,4.02104273234,parado,28.0,,red,parado,2.18080466773,,0.0,19.0,left
374,3.80352047698,left,17.0,,green,parado,1.79299911081,,0.0,19.0,left
375,4.64282997221,parado,36.0,,red,parado,2.74106973372,,0.0,19.0,forward
376,4.7823909377,parado,36.0,,red,parado,2.46097595159,,0.0,19.0,forward
377,3.96357707684,parado,36.0,,red,parado,1.57238160799,,0.0,19.0,forward
378,3.42033833462,parado,36.0,,red,parado,1.4385497962,,0.0,19.0,forward
379,2.81724098222,right,2.0,,green,parado,1.10707181491,,0.0,19.0,forward
380,1.56716231234,right,90.0,,green,right,0.15854182123,,0.0,19.0,left
381,1.85197440132,right,10.0,,green,parado,0.850110750422,,0.0,19.0,right
382,2.7012282977,parado,12.0,,red,parado,1.77524109704,,0.0,19.0,right
383,3.05550750216,parado,12.0,,red,parado,1.70489335331,,0.0,19.0,right
384,2.54703544302,right,10.0,,green,parado,1.01928169194,,0.0,19.0,right
385,3.63552828154,parado,36.0,,red,parado,2.36201056003,,0.0,19.0,forward
386,3.77471255889,parado,36.0,,red,parado,1.95694841812,,0.0,19.0,forward
387,2.52839729658,parado,36.0,,red,parado,0.641041017131,,0.0,19.0,forward
388,2.01325047847,parado,36.0,,red,parado,0.749051830182,,0.0,19.0,forward
389,1.60363088446,right,2.0,,green,parado,0.597005645226,,0.0,19.0,forward
390,-8.6383944825,forward,31.0,,red,parado,-9.44020992473,,0.0,19.0,left
391,-38.2995060423,left,25.0,,red,right,-40.3100274085,,0.0,19.0,left
392,2.95230552961,left,17.0,,green,parado,1.112067465,,0.0,19.0,left
393,3.14135533107,left,17.0,,green,parado,2.14135533107,,0.0,20.0,left
394,-8.91245698142,forward,31.0,,red,parado,-10.483134647,,0.0,20.0,left
395,4.69729891619,parado,28.0,,red,parado,2.68677755002,,0.0,20.0,left
396,5.09654466383,parado,28.0,,red,parado,2.74789520573,,0.0,20.0,left
397,3.89270603645,parado,68.0,,red,forward,1.34443370454,,0.0,20.0,left
398,4.53556337054,left,77.0,,green,left,2.58921035231,,0.0,20.0,left
399,3.26380752657,right,10.0,,green,parado,0.996025841306,,0.0,20.0,right
400,3.29306812615,parado,36.0,,red,parado,1.66116436287,,0.0,20.0,forward
401,4.36895064084,parado,36.0,,red,parado,2.72241657776,,0.0,20.0,forward
402,3.76689080702,parado,36.0,,red,parado,1.5824154866,,0.0,20.0,forward
403,3.31016485793,parado,36.0,,red,parado,1.42671945442,,0.0,20.0,forward
404,2.44182686181,forward,3.0,,green,parado,0.786744432844,,0.0,20.0,forward
405,2.48376608281,parado,56.0,,red,forward,1.48376608281,,0.0,21.0,right
406,3.14430573446,parado,56.0,,red,forward,1.90242269306,,0.0,21.0,right
407,4.180592378,parado,56.0,,red,forward,2.60843951077,,0.0,21.0,right
408,3.73790268661,right,50.0,,red,left,1.64760649761,,0.0,21.0,right
409,3.87278877988,parado,40.0,,red,left,2.00383743658,,0.0,21.0,forward
410,-37.7378351808,forward,43.0,,red,left,-39.6742295708,,0.0,21.0,forward
411,3.32356271984,forward,47.0,,green,left,1.3871683299,,0.0,21.0,forward
412,4.31233842079,parado,28.0,,red,parado,2.65055706087,,0.0,21.0,left
413,4.04707596566,parado,68.0,,red,forward,1.89090675526,,0.0,21.0,left
414,2.43005395078,parado,76.0,,green,left,0.406515967949,,0.0,21.0,left
415,4.56991331462,left,17.0,,green,parado,2.30213162935,,0.0,21.0,left
416,-3.19851359397,parado,32.0,,green,right,-5.48347025128,,0.0,21.0,forward
417,2.74899052812,forward,3.0,,green,parado,1.59368167609,,0.0,21.0,forward
418,2.87276239773,forward,47.0,,green,left,1.87276239773,,0.0,22.0,forward
419,2.77674802512,forward,75.0,,green,forward,1.34036682625,,0.0,22.0,forward
420,3.06027221387,forward,3.0,,green,parado,1.67189820131,,0.0,22.0,forward
421,3.06006900922,parado,40.0,,red,left,1.52993290228,,0.0,22.0,forward
422,3.69810680869,parado,40.0,,red,left,2.16807230409,,0.0,22.0,forward
423,4.13925232901,forward,47.0,,green,left,2.29019892467,,0.0,22.0,forward
424,2.04166521127,parado,36.0,,red,parado,1.04166521127,,0.0,23.0,forward
425,-9.44345027807,left,37.0,,red,parado,-10.4642828837,,0.0,23.0,forward
426,3.66979867943,parado,92.0,,red,right,2.64896607379,,0.0,23.0,forward
427,3.36082636343,parado,36.0,,red,parado,1.52592702372,,0.0,23.0,forward
428,2.8603100872,forward,3.0,,green,parado,1.17989690548,,0.0,23.0,forward
429,3.58072103579,left,17.0,,green,parado,2.15056599219,,0.0,23.0,left
430,3.53859631509,parado,36.0,,red,parado,1.74823579719,,0.0,23.0,forward
431,3.76895677119,parado,36.0,,red,parado,1.99965861365,,0.0,23.0,forward
432,3.70899729162,parado,36.0,,red,parado,1.82451890602,,0.0,23.0,forward
433,3.72651432219,forward,3.0,,green,parado,1.87201567638,,0.0,23.0,forward
434,3.60511279649,forward,47.0,,green,left,1.74185563539,,0.0,23.0,forward
435,3.68365757862,right,50.0,,red,left,2.68365757862,,0.0,24.0,right
436,3.22220453634,forward,3.0,,green,parado,1.38037574703,,0.0,24.0,forward
437,3.71049076325,parado,12.0,,red,parado,2.09938849508,,0.0,24.0,right
438,2.90098223137,right,10.0,,green,parado,1.04573684975,,0.0,24.0,right
439,3.28387435186,forward,3.0,,green,parado,1.83338323618,,0.0,24.0,forward
440,3.0592873816,forward,3.0,,green,parado,2.0592873816,,0.0,25.0,forward
441,3.00633087589,parado,60.0,,red,forward,1.47668718509,,0.0,25.0,forward
442,2.79460831813,parado,60.0,,red,forward,1.29144288018,,0.0,25.0,forward
443,3.65510759108,parado,60.0,,red,forward,2.25780343202,,0.0,25.0,forward
444,3.49927970717,parado,60.0,,red,forward,1.67172591162,,0.0,25.0,forward
445,3.47530826268,parado,60.0,,red,forward,1.7256684091,,0.0,25.0,forward
446,4.13943888509,forward,75.0,,green,forward,2.40178475375,,0.0,25.0,forward
447,2.42637728322,right,34.0,,green,right,0.356657840678,,0.0,25.0,forward
448,3.28830514747,left,17.0,,green,parado,2.07511650586,,0.0,25.0,left
449,2.05756613589,parado,52.0,,green,left,0.413413562153,,0.0,25.0,right
450,2.85272290079,parado,12.0,,red,parado,1.82393983284,,0.0,25.0,right
451,2.34070275231,right,50.0,,red,left,0.914341301916,,0.0,25.0,right
452,-38.9608669703,left,49.0,,red,left,-39.9608669703,,0.0,26.0,right
453,3.45935394956,right,50.0,,red,left,2.28900257341,,0.0,26.0,right
454,3.84850784053,forward,3.0,,green,parado,2.11883086575,,0.0,26.0,forward
455,4.88628994367,right,66.0,,green,right,2.96203602341,,0.0,26.0,right
456,4.49357848302,forward,3.0,,green,parado,2.05043351119,,0.0,26.0,forward
457,4.62292413017,parado,60.0,,red,forward,2.37613488866,,0.0,26.0,forward
458,-8.12901174831,left,61.0,,red,forward,-10.4404738134,,0.0,26.0,forward
459,4.91976637758,forward,75.0,,green,forward,2.60830431249,,0.0,26.0,forward
460,2.76481544129,parado,52.0,,green,left,1.76481544129,,0.0,27.0,right
461,2.4040503369,parado,52.0,,green,left,1.02164261626,,0.0,27.0,right
462,3.99500814716,right,10.0,,green,parado,2.79298297871,,0.0,27.0,right
463,4.08519886727,forward,3.0,,green,parado,2.08769479369,,0.0,27.0,forward
464,3.75435142228,parado,28.0,,red,parado,1.71175198865,,0.0,27.0,left
465,3.84453881109,parado,28.0,,red,parado,1.96736309995,,0.0,27.0,left
466,3.68146317554,parado,28.0,,red,parado,1.75919377,,0.0,27.0,left
467,3.67550339984,left,17.0,,green,parado,1.83477181207,,0.0,27.0,left
468,3.44344106033,forward,75.0,,green,forward,1.60568936041,,0.0,27.0,forward
469,3.48677519585,right,10.0,,green,parado,2.48677519585,,0.0,28.0,right
470,3.64563251945,parado,12.0,,red,parado,1.90224492153,,0.0,28.0,right
471,3.8610243976,parado,12.0,,red,parado,2.03820813788,,0.0,28.0,right
472,4.02023616384,parado,12.0,,red,parado,2.08972396504,,0.0,28.0,right
473,3.12981978542,parado,12.0,,red,parado,1.1197017035,,0.0,28.0,right
474,3.69679736563,right,10.0,,green,parado,2.13188747292,,0.0,28.0,right
475,3.61874057661,parado,60.0,,red,forward,1.7703418938,,0.0,28.0,forward
476,3.26583659124,forward,75.0,,green,forward,1.45646630293,,0.0,28.0,forward
477,3.91999399663,forward,3.0,,green,parado,2.28707570101,,0.0,28.0,forward
478,3.58675983971,parado,40.0,,red,left,1.62676284139,,0.0,28.0,forward
479,3.84137778178,forward,47.0,,green,left,2.04799786192,,0.0,28.0,forward
480,3.73176222704,forward,23.0,,green,forward,1.81107333615,,0.0,28.0,left
481,4.2059312665,left,17.0,,green,parado,2.34005015298,,0.0,28.0,left
482,3.82479734916,left,17.0,,green,parado,1.72183171591,,0.0,28.0,left
483,2.31605726406,parado,52.0,,green,left,0.403658589479,,0.0,28.0,right
484,3.57355673399,parado,12.0,,red,parado,2.41552810196,,0.0,28.0,right
485,-7.36166019971,left,13.0,,red,parado,-9.14843856671,,0.0,28.0,right
486,4.44504328037,right,10.0,,green,parado,2.65826491337,,0.0,28.0,right
487,3.64992543071,forward,47.0,,green,left,2.64992543071,,0.0,29.0,forward
488,4.3320585819,parado,60.0,,red,forward,2.50709586655,,0.0,29.0,forward
489,3.30628651863,parado,60.0,,red,forward,1.14025722768,,0.0,29.0,forward
490,2.80771559267,forward,47.0,,green,left,1.15457233336,,0.0,29.0,forward
491,4.07056149197,parado,68.0,,red,forward,2.66670369563,,0.0,29.0,left
492,3.37984834867,forward,23.0,,green,forward,1.34456760268,,0.0,29.0,left
493,3.90462998449,parado,24.0,,red,right,2.21470581016,,0.0,29.0,left
494,3.43547555571,left,17.0,,green,parado,1.48316056347,,0.0,29.0,left
495,3.36588455911,left,17.0,,green,parado,1.64814678125,,0.0,29.0,left
496,2.66955702684,right,10.0,,green,parado,0.986614747287,,0.0,29.0,right
497,2.59260168415,forward,47.0,,green,left,1.25782317073,,0.0,29.0,forward
498,3.70899729162,parado,36.0,,red,parado,1.03310105226,,1.0,30.0,forward
499,3.70899729162,parado,36.0,,red,parado,1.14303501373,,1.0,30.0,forward
500,3.70899729162,parado,36.0,,red,parado,1.67982995548,,1.0,30.0,forward
501,3.91999399663,forward,3.0,,green,parado,1.56315231391,,1.0,30.0,forward
502,3.70899729162,parado,36.0,,red,parado,1.30700902022,,1.0,30.0,forward
503,3.66979867943,parado,92.0,,red,right,2.4434785479,,1.0,30.0,forward
504,3.70899729162,parado,36.0,,red,parado,1.62783692933,,1.0,30.0,forward
505,3.91999399663,forward,3.0,,green,parado,1.79779157534,,1.0,30.0,forward
506,3.70899729162,parado,36.0,,red,parado,2.58456547301,,1.0,30.0,forward
507,3.70899729162,parado,36.0,,red,parado,1.98062977628,,1.0,30.0,forward
508,3.91999399663,forward,3.0,,green,parado,1.81059313887,,1.0,30.0,forward
509,2.66722517345,left,45.0,,green,left,0.117625351684,,1.0,30.0,forward
510,2.66955702684,right,10.0,,green,parado,1.33489163061,,1.0,30.0,right
511,4.180592378,parado,56.0,,red,forward,1.42684545643,,1.0,30.0,right
512,4.180592378,parado,56.0,,red,forward,0.863281965261,,1.0,30.0,right
513,4.180592378,parado,56.0,,red,forward,1.08415711856,,1.0,30.0,right
514,4.180592378,parado,56.0,,red,forward,1.73368275917,,1.0,30.0,right
515,3.44678516329,right,6.0,,green,forward,0.81923587789,,1.0,30.0,right
516,3.70899729162,parado,36.0,,red,parado,1.85172902993,,1.0,30.0,forward
517,3.91999399663,forward,3.0,,green,parado,2.01785214398,,1.0,30.0,forward
518,3.91999399663,forward,3.0,,green,parado,1.21687527759,,1.0,30.0,forward
519,3.57355673399,parado,12.0,,red,parado,2.2870668175,,1.0,31.0,right
520,3.57355673399,parado,12.0,,red,parado,1.9130997647,,1.0,31.0,right
521,3.73685055631,parado,84.0,,red,right,1.1946545007,,1.0,31.0,right
522,3.57355673399,parado,12.0,,red,parado,2.51130019776,,1.0,31.0,right
523,3.57355673399,parado,12.0,,red,parado,1.75852382969,,1.0,31.0,right
524,4.180592378,parado,56.0,,red,forward,2.75146228773,,1.0,31.0,right
525,3.44678516329,right,6.0,,green,forward,1.10161155203,,1.0,31.0,right
526,3.57355673399,parado,12.0,,red,parado,1.2006664018,,1.0,31.0,right
527,4.180592378,parado,56.0,,red,forward,1.2278997232,,1.0,31.0,right
528,4.180592378,parado,56.0,,red,forward,2.64768537789,,1.0,31.0,right
529,4.180592378,parado,56.0,,red,forward,1.26388513025,,1.0,31.0,right
530,3.44678516329,right,6.0,,green,forward,1.13892441182,,1.0,31.0,right
531,3.58675983971,parado,40.0,,red,left,1.61239170572,,1.0,31.0,forward
532,2.66722517345,left,45.0,,green,left,-0.00929356346724,,1.0,31.0,forward
533,3.44678516329,right,6.0,,green,forward,1.9618416163,,1.0,31.0,right
534,3.91999399663,forward,3.0,,green,parado,1.69685365734,,1.0,31.0,forward
535,3.91999399663,forward,3.0,,green,parado,2.06126368237,,1.0,31.0,forward
536,2.66955702684,right,10.0,,green,parado,1.93068070371,,1.0,31.0,right
537,4.00299896626,parado,80.0,,red,left,2.57821171801,,1.0,32.0,left
538,4.00299896626,parado,80.0,,red,left,1.52916852466,,1.0,32.0,left
539,4.00299896626,parado,80.0,,red,left,2.50570370116,,1.0,32.0,left
540,4.00299896626,parado,80.0,,red,left,1.85869200555,,1.0,32.0,left
541,4.00299896626,parado,80.0,,red,left,1.76647857201,,1.0,32.0,left
542,4.53556337054,left,77.0,,green,left,2.78818015447,,1.0,32.0,left
543,2.66722517345,left,45.0,,green,left,0.104219235554,,1.0,32.0,forward
544,2.31605726406,parado,52.0,,green,left,0.966088006329,,1.0,32.0,right
545,2.31605726406,parado,52.0,,green,left,0.246801550212,,1.0,32.0,right
546,4.88628994367,right,66.0,,green,right,2.50538382744,,1.0,32.0,right
547,3.70899729162,parado,36.0,,red,parado,2.15471978381,,1.0,32.0,forward
548,3.70899729162,parado,36.0,,red,parado,2.11087106779,,1.0,32.0,forward
549,3.58675983971,parado,40.0,,red,left,2.72688415791,,1.0,32.0,forward
550,2.66722517345,left,45.0,,green,left,1.64715093762,,1.0,32.0,forward
551,3.45935394956,right,50.0,,red,left,1.41288041663,,1.0,32.0,right
552,3.36588455911,left,17.0,,green,parado,1.12152494878,,1.0,32.0,left
553,3.70899729162,parado,36.0,,red,parado,2.21161629314,,1.0,32.0,forward
554,3.91999399663,forward,3.0,,green,parado,1.68660448402,,1.0,32.0,forward
555,3.36588455911,left,17.0,,green,parado,1.80568395623,,1.0,33.0,left
556,3.91999399663,forward,3.0,,green,parado,1.64420355259,,1.0,33.0,forward
557,3.70899729162,parado,36.0,,red,parado,1.71485013911,,1.0,33.0,forward
558,3.70899729162,parado,36.0,,red,parado,2.09511190676,,1.0,33.0,forward
559,3.91999399663,forward,3.0,,green,parado,2.86694722596,,1.0,33.0,forward
560,3.45935394956,right,50.0,,red,left,-19.3724221374,,1.0,33.0,right
561,3.45935394956,right,50.0,,red,left,2.39286788369,,1.0,33.0,right
562,3.91999399663,forward,3.0,,green,parado,2.41432396582,,1.0,33.0,forward
563,3.91999399663,forward,3.0,,green,parado,1.83378244142,,1.0,33.0,forward
564,3.90462998449,parado,24.0,,red,right,1.94586508652,,1.0,34.0,left
565,3.68146317554,parado,28.0,,red,parado,2.57481737168,,1.0,34.0,left
566,3.68146317554,parado,28.0,,red,parado,2.15541063875,,1.0,34.0,left
567,3.68146317554,parado,28.0,,red,parado,0.966538802475,,1.0,34.0,left
568,3.68146317554,parado,28.0,,red,parado,0.955692529096,,1.0,34.0,left
569,3.36588455911,left,17.0,,green,parado,1.5349982688,,1.0,34.0,left
570,3.26583659124,forward,75.0,,green,forward,1.70398114473,,1.0,34.0,forward
571,3.91999399663,forward,3.0,,green,parado,0.9344140227,,1.0,34.0,forward
572,3.26583659124,forward,75.0,,green,forward,1.43891868208,,1.0,34.0,forward
573,4.53556337054,left,77.0,,green,left,1.31895042371,,1.0,34.0,left
574,3.36588455911,left,17.0,,green,parado,1.99205844702,,1.0,35.0,left
575,3.36588455911,left,17.0,,green,parado,2.8907371366,,1.0,35.0,left
576,2.42637728322,right,34.0,,green,right,1.942203855,,1.0,35.0,forward
577,3.36588455911,left,17.0,,green,parado,1.7451246128,,1.0,35.0,left
578,3.30628651863,parado,60.0,,red,forward,1.34763590936,,1.0,36.0,forward
579,3.30628651863,parado,60.0,,red,forward,1.19381761727,,1.0,36.0,forward
580,3.66979867943,parado,92.0,,red,right,2.92284375994,,1.0,36.0,forward
581,3.30628651863,parado,60.0,,red,forward,2.0927229712,,1.0,36.0,forward
582,3.30628651863,parado,60.0,,red,forward,2.01890375033,,1.0,36.0,forward
583,3.58675983971,parado,40.0,,red,left,1.71041923345,,1.0,36.0,forward
584,2.66722517345,left,45.0,,green,left,1.32969196347,,1.0,36.0,forward
585,3.57355673399,parado,12.0,,red,parado,2.29815150423,,1.0,36.0,right
586,3.45935394956,right,50.0,,red,left,2.56438585505,,1.0,36.0,right
587,3.26583659124,forward,75.0,,green,forward,1.45815813756,,1.0,36.0,forward
588,3.91999399663,forward,3.0,,green,parado,2.22701512104,,1.0,36.0,forward
589,2.31605726406,parado,52.0,,green,left,1.28833050792,,1.0,36.0,right
590,2.66955702684,right,10.0,,green,parado,1.1758894965,,1.0,36.0,right
591,3.91999399663,forward,3.0,,green,parado,1.08812043478,,1.0,36.0,forward
592,3.57355673399,parado,12.0,,red,parado,1.70575986418,,1.0,37.0,right
593,3.57355673399,parado,12.0,,red,parado,1.93970140274,,1.0,37.0,right
594,3.57355673399,parado,12.0,,red,parado,2.18022657056,,1.0,37.0,right
595,2.66955702684,right,10.0,,green,parado,1.29336092176,,1.0,37.0,right
596,2.66955702684,right,10.0,,green,parado,2.80809884021,,1.0,37.0,right
597,2.66722517345,left,45.0,,green,left,0.893137999966,,1.0,37.0,forward
598,2.66955702684,right,10.0,,green,parado,2.73819133901,,1.0,37.0,right
599,3.66979867943,parado,92.0,,red,right,2.77903233389,,1.0,37.0,forward
600,3.70899729162,parado,36.0,,red,parado,1.27516206265,,1.0,37.0,forward
601,2.66722517345,left,45.0,,green,left,1.65495898647,,1.0,37.0,forward
602,3.45935394956,right,50.0,,red,left,2.74050599406,,1.0,37.0,right
603,3.91999399663,forward,3.0,,green,parado,2.40848911827,,1.0,37.0,forward
604,3.57355673399,parado,12.0,,red,parado,0.825808592698,,1.0,37.0,right
605,2.66955702684,right,10.0,,green,parado,1.21937455486,,1.0,37.0,right
606,3.91999399663,forward,3.0,,green,parado,1.83966509492,,1.0,37.0,forward
607,3.58675983971,parado,40.0,,red,left,1.1004452491,,1.0,37.0,forward
608,3.58675983971,parado,40.0,,red,left,1.51053650644,,1.0,37.0,forward
609,2.66722517345,left,45.0,,green,left,0.887525291216,,1.0,37.0,forward
610,2.31605726406,parado,52.0,,green,left,0.168365666303,,1.0,37.0,right
611,2.66955702684,right,10.0,,green,parado,1.32595497821,,1.0,37.0,right
612,3.37984834867,forward,23.0,,green,forward,1.23451648197,,1.0,38.0,left
613,3.68146317554,parado,28.0,,red,parado,1.37515817706,,1.0,38.0,left
614,3.68146317554,parado,28.0,,red,parado,1.74578238167,,1.0,38.0,left
615,3.68146317554,parado,28.0,,red,parado,2.83172546368,,1.0,38.0,left
616,3.68146317554,parado,28.0,,red,parado,2.6230191748,,1.0,38.0,left
617,4.53556337054,left,77.0,,green,left,2.12328554579,,1.0,38.0,left
618,3.70899729162,parado,36.0,,red,parado,2.15277232687,,1.0,38.0,forward
619,3.58675983971,parado,40.0,,red,left,1.394529068,,1.0,38.0,forward
620,3.58675983971,parado,40.0,,red,left,2.62671057012,,1.0,38.0,forward
621,3.58675983971,parado,40.0,,red,left,1.96888652639,,1.0,38.0,forward
622,3.58675983971,parado,40.0,,red,left,2.36170905026,,1.0,38.0,forward
623,2.66722517345,left,45.0,,green,left,1.69799474675,,1.0,38.0,forward
624,2.66955702684,right,10.0,,green,parado,1.17181238179,,1.0,38.0,right
625,3.26583659124,forward,75.0,,green,forward,1.25220936559,,1.0,38.0,forward
626,3.68146317554,parado,28.0,,red,parado,1.31654324593,,1.0,38.0,left
627,4.00299896626,parado,80.0,,red,left,1.08316412337,,1.0,38.0,left
628,4.53556337054,left,77.0,,green,left,2.30843293401,,1.0,38.0,left
629,3.57355673399,parado,12.0,,red,parado,2.33157656377,,1.0,39.0,right
630,3.57355673399,parado,12.0,,red,parado,2.12198418203,,1.0,39.0,right
631,3.73685055631,parado,84.0,,red,right,1.0960071801,,1.0,39.0,right
632,4.180592378,parado,56.0,,red,forward,1.91950480265,,1.0,39.0,right
633,4.180592378,parado,56.0,,red,forward,1.08859635993,,1.0,39.0,right
634,3.44678516329,right,6.0,,green,forward,0.955548248608,,1.0,39.0,right
635,3.70899729162,parado,36.0,,red,parado,2.58152597904,,1.0,39.0,forward
636,3.70899729162,parado,36.0,,red,parado,1.5271441594,,1.0,39.0,forward
637,3.66979867943,parado,92.0,,red,right,1.31355922965,,1.0,39.0,forward
638,3.91999399663,forward,3.0,,green,parado,2.19649449761,,1.0,39.0,forward
639,3.91999399663,forward,3.0,,green,parado,2.8627330521,,1.0,39.0,forward
640,2.66955702684,right,10.0,,green,parado,1.31847607806,,1.0,39.0,right
641,3.91999399663,forward,3.0,,green,parado,1.5489125963,,1.0,39.0,forward
642,3.70899729162,parado,36.0,,red,parado,1.8153614992,,1.0,39.0,forward
643,3.70899729162,parado,36.0,,red,parado,1.26247089376,,1.0,39.0,forward
644,3.91999399663,forward,3.0,,green,parado,1.98093002096,,1.0,39.0,forward
645,4.00299896626,parado,80.0,,red,left,2.1007677788,,1.0,40.0,left
646,4.00299896626,parado,80.0,,red,left,1.38231151343,,1.0,40.0,left
647,4.00299896626,parado,80.0,,red,left,1.28212392013,,1.0,40.0,left
648,4.00299896626,parado,80.0,,red,left,1.54566770982,,1.0,40.0,left
649,4.00299896626,parado,80.0,,red,left,2.42777564749,,1.0,40.0,left
650,4.53556337054,left,77.0,,green,left,2.18378259338,,1.0,40.0,left
651,4.88628994367,right,66.0,,green,right,1.19284464793,,1.0,40.0,right
652,2.42637728322,right,34.0,,green,right,1.64183101683,,1.0,40.0,forward
653,3.36588455911,left,17.0,,green,parado,2.59191910528,,1.0,40.0,left
654,3.37984834867,forward,23.0,,green,forward,1.35748195563,,1.0,40.0,left
655,4.53556337054,left,77.0,,green,left,1.90183379431,,1.0,40.0,left
656,3.44678516329,right,6.0,,green,forward,1.17002965263,,1.0,41.0,right
657,3.91999399663,forward,3.0,,green,parado,1.00007132831,,1.0,41.0,forward
658,2.66955702684,right,10.0,,green,parado,2.320212181,,1.0,41.0,right
659,3.91999399663,forward,3.0,,green,parado,1.97988621183,,1.0,41.0,forward
660,3.73685055631,parado,84.0,,red,right,2.47214737417,,1.0,42.0,right
661,3.57355673399,parado,12.0,,red,parado,2.0100036837,,1.0,42.0,right
662,3.57355673399,parado,12.0,,red,parado,1.26543962292,,1.0,42.0,right
663,3.57355673399,parado,12.0,,red,parado,2.32359550027,,1.0,42.0,right
664,2.66955702684,right,10.0,,green,parado,2.53583067479,,1.0,42.0,right
665,3.91999399663,forward,3.0,,green,parado,1.18456026661,,1.0,42.0,forward
666,2.66722517345,left,45.0,,green,left,0.997935839638,,1.0,42.0,forward
667,3.57355673399,parado,12.0,,red,parado,1.31961049765,,1.0,42.0,right
668,3.57355673399,parado,12.0,,red,parado,1.72660002376,,1.0,42.0,right
669,2.66955702684,right,10.0,,green,parado,2.35508100815,,1.0,42.0,right
670,3.70899729162,parado,36.0,,red,parado,0.862548491765,,1.0,42.0,forward
671,3.70899729162,parado,36.0,,red,parado,2.19016213925,,1.0,42.0,forward
672,3.70899729162,parado,36.0,,red,parado,1.89638318888,,1.0,42.0,forward
673,3.91999399663,forward,3.0,,green,parado,0.876436614385,,1.0,42.0,forward
674,4.07056149197,parado,68.0,,red,forward,2.66231022543,,1.0,43.0,left
675,3.90462998449,parado,24.0,,red,right,1.10617020403,,1.0,43.0,left
676,4.07056149197,parado,68.0,,red,forward,1.69668111834,,1.0,43.0,left
677,3.37984834867,forward,23.0,,green,forward,0.566368657043,,1.0,43.0,left
678,3.68146317554,parado,28.0,,red,parado,2.19988686386,,1.0,43.0,left
679,2.0037273018,parado,88.0,,green,right,-4.64749798612,,1.0,43.0,left
680,3.36588455911,left,17.0,,green,parado,2.73034879579,,1.0,43.0,left
681,3.70899729162,parado,36.0,,red,parado,2.77108259474,,1.0,43.0,forward
682,3.70899729162,parado,36.0,,red,parado,1.49731258866,,1.0,43.0,forward
683,3.66979867943,parado,92.0,,red,right,1.75793753639,,1.0,43.0,forward
684,3.66979867943,parado,92.0,,red,right,2.19330651428,,1.0,43.0,forward
685,3.91999399663,forward,3.0,,green,parado,2.59754714372,,1.0,43.0,forward
686,3.58675983971,parado,40.0,,red,left,0.873513932037,,1.0,43.0,forward
687,2.66722517345,left,45.0,,green,left,1.18740048096,,1.0,43.0,forward
688,4.88628994367,right,66.0,,green,right,1.76207082348,,1.0,43.0,right
689,3.70899729162,parado,36.0,,red,parado,0.763018286907,,1.0,43.0,forward
690,3.91999399663,forward,3.0,,green,parado,2.11103847509,,1.0,43.0,forward
691,2.31605726406,parado,52.0,,green,left,0.363750852485,,1.0,43.0,right
692,2.31605726406,parado,52.0,,green,left,-0.211173967492,,1.0,43.0,right
693,2.66955702684,right,10.0,,green,parado,0.736760333158,,1.0,43.0,right
694,3.91999399663,forward,3.0,,green,parado,1.29392971167,,1.0,43.0,forward
695,2.0037273018,parado,88.0,,green,right,-5.3250521897,,1.0,44.0,left
696,3.36588455911,left,17.0,,green,parado,2.79880595681,,1.0,44.0,left
697,3.36588455911,left,17.0,,green,parado,2.86408308028,,1.0,44.0,left
698,3.45935394956,right,50.0,,red,left,1.13829799005,,1.0,44.0,right
699,3.58675983971,parado,40.0,,red,left,1.65475806912,,1.0,44.0,forward
700,2.66722517345,left,45.0,,green,left,-0.00341583368038,,1.0,44.0,forward
701,2.66955702684,right,10.0,,green,parado,1.94340105881,,1.0,44.0,right
702,2.31605726406,parado,52.0,,green,left,0.769622029271,,1.0,44.0,right
703,2.31605726406,parado,52.0,,green,left,0.619542093568,,1.0,44.0,right
704,2.66955702684,right,10.0,,green,parado,2.07132171892,,1.0,44.0,right
705,4.07056149197,parado,68.0,,red,forward,1.92513128057,,1.0,45.0,left
706,4.07056149197,parado,68.0,,red,forward,2.32698978214,,1.0,45.0,left
707,4.07056149197,parado,68.0,,red,forward,2.81776249745,,1.0,45.0,left
708,4.07056149197,parado,68.0,,red,forward,1.43377974519,,1.0,45.0,left
709,4.07056149197,parado,68.0,,red,forward,1.06992418246,,1.0,45.0,left
710,3.37984834867,forward,23.0,,green,forward,1.18153026883,,1.0,45.0,left
711,4.00299896626,parado,80.0,,red,left,2.05306304336,,1.0,45.0,left
712,4.53556337054,left,77.0,,green,left,1.05134801242,,1.0,45.0,left
713,3.36588455911,left,17.0,,green,parado,1.20125012323,,1.0,45.0,left
714,2.42637728322,right,34.0,,green,right,0.820325279268,,1.0,45.0,forward
715,3.68146317554,parado,28.0,,red,parado,1.03469121979,,1.0,45.0,left
716,4.00299896626,parado,80.0,,red,left,1.38801153068,,1.0,45.0,left
717,4.00299896626,parado,80.0,,red,left,1.79385612653,,1.0,45.0,left
718,4.53556337054,left,77.0,,green,left,1.19362896989,,1.0,45.0,left
719,3.66979867943,parado,92.0,,red,right,1.25978830883,,1.0,45.0,forward
720,3.70899729162,parado,36.0,,red,parado,0.616277654507,,1.0,45.0,forward
721,3.91999399663,forward,3.0,,green,parado,1.12754772293,,1.0,45.0,forward
722,3.45935394956,right,50.0,,red,left,2.74430445693,,1.0,46.0,right
723,2.66722517345,left,45.0,,green,left,1.76026643979,,1.0,46.0,forward
724,2.66955702684,right,10.0,,green,parado,1.8246396454,,1.0,46.0,right
725,3.44678516329,right,6.0,,green,forward,1.97361955358,,1.0,46.0,right
726,2.42637728322,right,34.0,,green,right,0.140461338118,,1.0,46.0,forward
727,3.36588455911,left,17.0,,green,parado,2.4013267022,,1.0,46.0,left
728,3.68146317554,parado,28.0,,red,parado,1.55828093668,,1.0,46.0,left
729,3.68146317554,parado,28.0,,red,parado,0.961193471098,,1.0,46.0,left
730,4.00299896626,parado,80.0,,red,left,1.72306453378,,1.0,46.0,left
731,4.53556337054,left,77.0,,green,left,1.08188518208,,1.0,46.0,left
732,3.45935394956,right,50.0,,red,left,2.62818191962,,1.0,46.0,right
733,3.44678516329,right,6.0,,green,forward,2.94366348183,,1.0,47.0,right
734,3.70899729162,parado,36.0,,red,parado,1.57089202092,,1.0,47.0,forward
735,3.58675983971,parado,40.0,,red,left,2.00887031738,,1.0,47.0,forward
736,3.58675983971,parado,40.0,,red,left,1.36178645124,,1.0,47.0,forward
737,2.66722517345,left,45.0,,green,left,0.897302898992,,1.0,47.0,forward
738,2.66955702684,right,10.0,,green,parado,2.8316196454,,1.0,47.0,right
739,2.66722517345,left,45.0,,green,left,0.576820502013,,1.0,47.0,forward
740,3.57355673399,parado,12.0,,red,parado,2.804798714,,1.0,47.0,right
741,3.73685055631,parado,84.0,,red,right,0.951731548194,,1.0,47.0,right
742,3.73685055631,parado,84.0,,red,right,1.28817009569,,1.0,47.0,right
743,2.66955702684,right,10.0,,green,parado,2.04994149133,,1.0,47.0,right
744,3.58675983971,parado,40.0,,red,left,2.05188402387,,1.0,47.0,forward
745,3.58675983971,parado,40.0,,red,left,0.965392999498,,1.0,47.0,forward
746,2.66722517345,left,45.0,,green,left,0.889483988901,,1.0,47.0,forward
747,3.57355673399,parado,12.0,,red,parado,1.82529491962,,1.0,47.0,right
748,4.180592378,parado,56.0,,red,forward,2.6845753708,,1.0,47.0,right
749,4.180592378,parado,56.0,,red,forward,0.894503334486,,1.0,47.0,right
750,3.44678516329,right,6.0,,green,forward,1.86867099544,,1.0,47.0,right
751,3.45935394956,right,50.0,,red,left,1.03266093878,,1.0,47.0,right
752,3.36588455911,left,17.0,,green,parado,1.99322616508,,1.0,48.0,left
753,3.70899729162,parado,36.0,,red,parado,1.77052689684,,1.0,48.0,forward
754,3.70899729162,parado,36.0,,red,parado,2.95425728984,,1.0,48.0,forward
755,3.70899729162,parado,36.0,,red,parado,1.32824448766,,1.0,48.0,forward
756,3.70899729162,parado,36.0,,red,parado,1.50007412413,,1.0,48.0,forward
757,3.91999399663,forward,3.0,,green,parado,1.5042574797,,1.0,48.0,forward
758,3.70899729162,parado,36.0,,red,parado,2.20117534548,,1.0,48.0,forward
759,3.70899729162,parado,36.0,,red,parado,2.05191315651,,1.0,48.0,forward
760,3.70899729162,parado,36.0,,red,parado,1.0828112894,,1.0,48.0,forward
761,3.70899729162,parado,36.0,,red,parado,2.04364286253,,1.0,48.0,forward
762,3.70899729162,parado,36.0,,red,parado,2.05304787846,,1.0,48.0,forward
763,3.91999399663,forward,3.0,,green,parado,2.53946921114,,1.0,48.0,forward
764,3.36588455911,left,17.0,,green,parado,1.18246669947,,1.0,48.0,left
765,3.37984834867,forward,23.0,,green,forward,1.2429022498,,1.0,49.0,left
766,3.68146317554,parado,28.0,,red,parado,2.12634785697,,1.0,49.0,left
767,4.00299896626,parado,80.0,,red,left,2.95037967707,,1.0,49.0,left
768,4.00299896626,parado,80.0,,red,left,2.20670620286,,1.0,49.0,left
769,4.00299896626,parado,80.0,,red,left,1.60888881574,,1.0,49.0,left
770,4.53556337054,left,77.0,,green,left,1.39045489689,,1.0,49.0,left
771,3.36588455911,left,17.0,,green,parado,2.26126152153,,1.0,49.0,left
772,3.91999399663,forward,3.0,,green,parado,2.07667165975,,1.0,49.0,forward
773,3.70899729162,parado,36.0,,red,parado,1.88393227682,,1.0,49.0,forward
774,3.91999399663,forward,3.0,,green,parado,2.52295210431,,1.0,49.0,forward
775,2.66722517345,left,45.0,,green,left,1.75193098625,,1.0,49.0,forward
776,2.31605726406,parado,52.0,,green,left,1.42902910084,,1.0,49.0,right
777,2.66955702684,right,10.0,,green,parado,2.19055941939,,1.0,49.0,right
778,3.57355673399,parado,12.0,,red,parado,0.769915601087,,1.0,49.0,right
779,3.57355673399,parado,12.0,,red,parado,2.02547131626,,1.0,49.0,right
780,2.66955702684,right,10.0,,green,parado,1.13733585558,,1.0,49.0,right
781,3.57355673399,parado,12.0,,red,parado,2.94569505943,,1.0,50.0,right
782,3.57355673399,parado,12.0,,red,parado,1.18431924474,,1.0,50.0,right
783,3.57355673399,parado,12.0,,red,parado,2.23398573728,,1.0,50.0,right
784,3.57355673399,parado,12.0,,red,parado,2.38194566551,,1.0,50.0,right
785,4.180592378,parado,56.0,,red,forward,2.19754812766,,1.0,50.0,right
786,3.44678516329,right,6.0,,green,forward,1.65849264614,,1.0,50.0,right
787,4.88628994367,right,66.0,,green,right,2.82639704893,,1.0,50.0,right
788,2.66722517345,left,45.0,,green,left,-0.111816050305,,1.0,50.0,forward
789,3.44678516329,right,6.0,,green,forward,2.44998963331,,1.0,50.0,right
790,2.66955702684,right,10.0,,green,parado,1.43274360829,,1.0,50.0,right
791,3.36588455911,left,17.0,,green,parado,1.12966065782,,1.0,50.0,left
792,2.66955702684,right,10.0,,green,parado,1.25077469236,,1.0,51.0,right
793,3.30628651863,parado,60.0,,red,forward,2.73626533482,,1.0,51.0,forward
794,3.30628651863,parado,60.0,,red,forward,2.08523758032,,1.0,51.0,forward
795,3.30628651863,parado,60.0,,red,forward,2.25439562103,,1.0,51.0,forward
796,3.26583659124,forward,75.0,,green,forward,1.63158303123,,1.0,51.0,forward
797,2.66955702684,right,10.0,,green,parado,2.36953018598,,1.0,51.0,right
798,3.30628651863,parado,60.0,,red,forward,1.50404900448,,1.0,51.0,forward
799,3.66979867943,parado,92.0,,red,right,1.2762417116,,1.0,51.0,forward
800,3.58675983971,parado,40.0,,red,left,1.74613731961,,1.0,51.0,forward
801,2.66722517345,left,45.0,,green,left,0.120277420579,,1.0,51.0,forward
802,3.57355673399,parado,12.0,,red,parado,1.91675599889,,1.0,51.0,right
803,2.66955702684,right,10.0,,green,parado,1.64302726148,,1.0,51.0,right
804,2.66955702684,right,10.0,,green,parado,1.89277482873,,1.0,51.0,right
805,3.70899729162,parado,36.0,,red,parado,2.75138468931,,1.0,52.0,forward
806,3.70899729162,parado,36.0,,red,parado,1.19717097525,,1.0,52.0,forward
807,3.70899729162,parado,36.0,,red,parado,1.8655914759,,1.0,52.0,forward
808,3.70899729162,parado,36.0,,red,parado,2.12164555052,,1.0,52.0,forward
809,3.91999399663,forward,3.0,,green,parado,1.18443917264,,1.0,52.0,forward
810,3.70899729162,parado,36.0,,red,parado,1.9758309085,,1.0,52.0,forward
811,3.70899729162,parado,36.0,,red,parado,2.344792768,,1.0,52.0,forward
812,3.91999399663,forward,3.0,,green,parado,1.71494827619,,1.0,52.0,forward
813,2.0037273018,parado,88.0,,green,right,-4.57505699008,,1.0,52.0,left
814,3.37984834867,forward,23.0,,green,forward,-0.102601096767,,1.0,52.0,left
815,3.68146317554,parado,28.0,,red,parado,2.48116048414,,1.0,52.0,left
816,3.68146317554,parado,28.0,,red,parado,1.85072129958,,1.0,52.0,left
817,3.90462998449,parado,24.0,,red,right,2.56091292945,,1.0,52.0,left
818,3.36588455911,left,17.0,,green,parado,1.40081231811,,1.0,52.0,left
819,3.36588455911,left,17.0,,green,parado,2.14708369057,,1.0,52.0,left
820,2.31605726406,parado,52.0,,green,left,0.357069418569,,1.0,52.0,right
821,4.88628994367,right,66.0,,green,right,1.8500455846,,1.0,52.0,right
822,2.66955702684,right,10.0,,green,parado,1.29930077731,,1.0,53.0,right
823,3.26583659124,forward,75.0,,green,forward,1.57401890516,,1.0,53.0,forward
824,4.180592378,parado,56.0,,red,forward,1.67322334078,,1.0,53.0,right
825,4.180592378,parado,56.0,,red,forward,1.60079751063,,1.0,53.0,right
826,2.31605726406,parado,52.0,,green,left,1.84762215145,,1.0,53.0,right
827,2.66955702684,right,10.0,,green,parado,1.60270366748,,1.0,53.0,right
828,3.70899729162,parado,36.0,,red,parado,2.37813044294,,1.0,53.0,forward
829,3.70899729162,parado,36.0,,red,parado,2.52929302002,,1.0,53.0,forward
830,3.70899729162,parado,36.0,,red,parado,1.58386369679,,1.0,53.0,forward
831,3.91999399663,forward,3.0,,green,parado,2.61589000235,,1.0,53.0,forward
832,3.68146317554,parado,28.0,,red,parado,1.5169129193,,1.0,54.0,left
833,3.90462998449,parado,24.0,,red,right,2.31429415396,,1.0,54.0,left
834,3.68146317554,parado,28.0,,red,parado,2.50901004432,,1.0,54.0,left
835,3.68146317554,parado,28.0,,red,parado,1.39069205987,,1.0,54.0,left
836,4.53556337054,left,77.0,,green,left,1.08938642549,,1.0,54.0,left
837,3.26583659124,forward,75.0,,green,forward,2.79640888137,,1.0,54.0,forward
838,3.91999399663,forward,3.0,,green,parado,1.62389916736,,1.0,54.0,forward
839,3.70899729162,parado,36.0,,red,parado,2.46612292721,,1.0,54.0,forward
840,3.70899729162,parado,36.0,,red,parado,1.87361633974,,1.0,54.0,forward
841,3.66979867943,parado,92.0,,red,right,2.86169127944,,1.0,54.0,forward
842,3.66979867943,parado,92.0,,red,right,2.03920902133,,1.0,54.0,forward
843,3.91999399663,forward,3.0,,green,parado,1.20240907201,,1.0,54.0,forward
844,4.53556337054,left,77.0,,green,left,2.29908803178,,1.0,54.0,left
845,3.70899729162,parado,36.0,,red,parado,2.19740864308,,1.0,54.0,forward
846,3.58675983971,parado,40.0,,red,left,1.41142355864,,1.0,54.0,forward
847,3.58675983971,parado,40.0,,red,left,1.03803692994,,1.0,54.0,forward
848,2.66722517345,left,45.0,,green,left,0.890154239145,,1.0,54.0,forward
849,3.57355673399,parado,12.0,,red,parado,0.853496750824,,1.0,54.0,right
850,3.57355673399,parado,12.0,,red,parado,1.23846603726,,1.0,54.0,right
851,2.66955702684,right,10.0,,green,parado,1.37073571017,,1.0,54.0,right
852,2.31605726406,parado,52.0,,green,left,1.5392923773,,1.0,54.0,right
853,3.57355673399,parado,12.0,,red,parado,0.916480508509,,1.0,54.0,right
854,4.180592378,parado,56.0,,red,forward,0.933008471464,,1.0,54.0,right
855,4.180592378,parado,56.0,,red,forward,1.92312196146,,1.0,54.0,right
856,3.45935394956,right,50.0,,red,left,1.04616960559,,1.0,54.0,right
857,3.45935394956,right,50.0,,red,left,1.83387712554,,1.0,55.0,right
858,3.91999399663,forward,3.0,,green,parado,1.69869021699,,1.0,55.0,forward
859,3.57355673399,parado,12.0,,red,parado,2.88292418947,,1.0,55.0,right
860,2.66955702684,right,10.0,,green,parado,2.91708847562,,1.0,55.0,right
861,3.26583659124,forward,75.0,,green,forward,2.7801125341,,1.0,55.0,forward
862,3.91999399663,forward,3.0,,green,parado,2.20829646104,,1.0,55.0,forward
863,4.00299896626,parado,80.0,,red,left,2.02274934912,,1.0,56.0,left
864,4.00299896626,parado,80.0,,red,left,1.57010374873,,1.0,56.0,left
865,4.00299896626,parado,80.0,,red,left,2.53673405038,,1.0,56.0,left
866,4.53556337054,left,77.0,,green,left,1.78005489095,,1.0,56.0,left
867,3.68146317554,parado,28.0,,red,parado,2.42163117209,,1.0,56.0,left
868,3.68146317554,parado,28.0,,red,parado,2.24151449679,,1.0,56.0,left
869,3.36588455911,left,17.0,,green,parado,2.77674792935,,1.0,56.0,left
870,3.30628651863,parado,60.0,,red,forward,1.11496699451,,1.0,56.0,forward
871,3.30628651863,parado,60.0,,red,forward,1.93071209387,,1.0,56.0,forward
872,3.30628651863,parado,60.0,,red,forward,1.78810966482,,1.0,56.0,forward
873,3.26583659124,forward,75.0,,green,forward,2.17809439042,,1.0,56.0,forward
874,3.70899729162,parado,36.0,,red,parado,2.05838722399,,1.0,56.0,forward
875,3.70899729162,parado,36.0,,red,parado,2.1129142297,,1.0,56.0,forward
876,3.70899729162,parado,36.0,,red,parado,2.30168581873,,1.0,56.0,forward
877,3.70899729162,parado,36.0,,red,parado,1.11011504724,,1.0,56.0,forward
878,3.70899729162,parado,36.0,,red,parado,1.183793047,,1.0,56.0,forward
879,3.91999399663,forward,3.0,,green,parado,1.42367734225,,1.0,56.0,forward
880,3.58675983971,parado,40.0,,red,left,2.65740680179,,1.0,57.0,forward
881,3.58675983971,parado,40.0,,red,left,1.32373707747,,1.0,57.0,forward
882,3.58675983971,parado,40.0,,red,left,1.23859726666,,1.0,57.0,forward
883,3.58675983971,parado,40.0,,red,left,1.15146400595,,1.0,57.0,forward
884,3.58675983971,parado,40.0,,red,left,1.0698383599,,1.0,57.0,forward
885,2.66722517345,left,45.0,,green,left,0.774077555702,,1.0,57.0,forward
886,2.66955702684,right,10.0,,green,parado,1.75155515862,,1.0,57.0,right
887,2.66722517345,left,45.0,,green,left,1.65878037657,,1.0,57.0,forward
888,3.45935394956,right,50.0,,red,left,-19.8833388689,,1.0,57.0,right
889,3.45935394956,right,50.0,,red,left,1.7305842268,,1.0,57.0,right
890,3.58675983971,parado,40.0,,red,left,1.44765311169,,1.0,57.0,forward
891,3.58675983971,parado,40.0,,red,left,1.53053411162,,1.0,57.0,forward
892,3.58675983971,parado,40.0,,red,left,1.30295419366,,1.0,57.0,forward
893,2.66722517345,left,45.0,,green,left,1.30685456485,,1.0,57.0,forward
894,2.31605726406,parado,52.0,,green,left,0.253306257737,,1.0,57.0,right
895,3.44678516329,right,6.0,,green,forward,0.852794819362,,1.0,57.0,right
896,3.36588455911,left,17.0,,green,parado,1.56816255361,,1.0,57.0,left
897,3.70899729162,parado,36.0,,red,parado,1.12296970002,,1.0,57.0,forward
898,3.70899729162,parado,36.0,,red,parado,1.97746884452,,1.0,57.0,forward
899,3.91999399663,forward,3.0,,green,parado,0.917740834926,,1.0,57.0,forward
900,3.68146317554,parado,28.0,,red,parado,2.11356132001,,1.0,58.0,left
901,3.68146317554,parado,28.0,,red,parado,1.5321705313,,1.0,58.0,left
902,3.68146317554,parado,28.0,,red,parado,1.80918207219,,1.0,58.0,left
903,3.68146317554,parado,28.0,,red,parado,2.07353381233,,1.0,58.0,left
904,3.36588455911,left,17.0,,green,parado,1.01389225197,,1.0,58.0,left
905,3.68146317554,parado,28.0,,red,parado,1.44119214382,,1.0,58.0,left
906,3.68146317554,parado,28.0,,red,parado,1.07292343188,,1.0,58.0,left
907,3.36588455911,left,17.0,,green,parado,1.31130178074,,1.0,58.0,left
908,3.58675983971,parado,40.0,,red,left,2.2989256925,,1.0,58.0,forward
909,2.66722517345,left,45.0,,green,left,-0.0407314564888,,1.0,58.0,forward
910,2.31605726406,parado,52.0,,green,left,0.0368075703263,,1.0,58.0,right
911,2.31605726406,parado,52.0,,green,left,0.324584286475,,1.0,58.0,right
912,2.66955702684,right,10.0,,green,parado,2.11572529319,,1.0,58.0,right
913,3.57355673399,parado,12.0,,red,parado,2.00498986332,,1.0,58.0,right
914,3.57355673399,parado,12.0,,red,parado,2.23742303703,,1.0,58.0,right
915,3.57355673399,parado,12.0,,red,parado,1.89356905465,,1.0,58.0,right
916,3.57355673399,parado,12.0,,red,parado,1.66420606478,,1.0,58.0,right
917,2.66955702684,right,10.0,,green,parado,0.44849687171,,1.0,58.0,right
918,3.68146317554,parado,28.0,,red,parado,0.854471457003,,1.0,58.0,left
919,4.07056149197,parado,68.0,,red,forward,1.91034316207,,1.0,58.0,left
920,3.70899729162,parado,36.0,,red,parado,2.67633157162,,1.0,59.0,forward
921,3.70899729162,parado,36.0,,red,parado,2.18480621426,,1.0,59.0,forward
922,3.70899729162,parado,36.0,,red,parado,1.07384633035,,1.0,59.0,forward
923,3.70899729162,parado,36.0,,red,parado,2.7811946622,,1.0,59.0,forward
924,3.70899729162,parado,36.0,,red,parado,1.30858379875,,1.0,59.0,forward
925,3.91999399663,forward,3.0,,green,parado,1.2401428362,,1.0,59.0,forward
926,3.26583659124,forward,75.0,,green,forward,1.39731954663,,1.0,59.0,forward
927,3.91999399663,forward,3.0,,green,parado,1.10224109574,,1.0,59.0,forward
928,3.91999399663,forward,3.0,,green,parado,2.730054103,,1.0,59.0,forward
929,4.00299896626,parado,80.0,,red,left,1.9606572405,,1.0,59.0,left
930,4.53556337054,left,77.0,,green,left,1.23640504655,,1.0,59.0,left
931,3.58675983971,parado,40.0,,red,left,0.879401671966,,1.0,59.0,forward
932,3.58675983971,parado,40.0,,red,left,0.894491944461,,1.0,59.0,forward
933,3.58675983971,parado,40.0,,red,left,0.916047263534,,1.0,59.0,forward
934,3.58675983971,parado,40.0,,red,left,2.38220731135,,1.0,59.0,forward
935,3.58675983971,parado,40.0,,red,left,1.90735504878,,1.0,59.0,forward
936,2.66722517345,left,45.0,,green,left,1.61855287892,,1.0,59.0,forward
937,4.88628994367,right,66.0,,green,right,1.96904525143,,1.0,59.0,right
938,3.57355673399,parado,12.0,,red,parado,0.920579139967,,1.0,59.0,right
939,2.66955702684,right,10.0,,green,parado,0.71010416165,,1.0,59.0,right
940,3.36588455911,left,17.0,,green,parado,2.80365859631,,1.0,60.0,left
941,3.70899729162,parado,36.0,,red,parado,1.52517387294,,1.0,60.0,forward
942,3.70899729162,parado,36.0,,red,parado,1.25818537463,,1.0,60.0,forward
943,3.91999399663,forward,3.0,,green,parado,1.30721161594,,1.0,60.0,forward
944,3.57355673399,parado,12.0,,red,parado,1.94111263227,,1.0,60.0,right
945,3.57355673399,parado,12.0,,red,parado,1.70577254067,,1.0,60.0,right
946,3.57355673399,parado,12.0,,red,parado,2.79900932374,,1.0,60.0,right
947,3.44678516329,right,6.0,,green,forward,2.11694525828,,1.0,60.0,right
948,3.70899729162,parado,36.0,,red,parado,2.56890258798,,1.0,60.0,forward
949,3.91999399663,forward,3.0,,green,parado,2.66464415927,,1.0,60.0,forward
950,2.66722517345,left,45.0,,green,left,1.44088024363,,1.0,60.0,forward
951,4.180592378,parado,56.0,,red,forward,1.01307542408,,1.0,60.0,right
952,4.180592378,parado,56.0,,red,forward,1.33065724823,,1.0,60.0,right
953,3.44678516329,right,6.0,,green,forward,1.08055080954,,1.0,60.0,right
954,2.66955702684,right,10.0,,green,parado,0.708317407523,,1.0,60.0,right
955,3.37984834867,forward,23.0,,green,forward,0.441235310199,,1.0,61.0,left
956,3.36588455911,left,17.0,,green,parado,1.48664157547,,1.0,61.0,left
957,2.42637728322,right,34.0,,green,right,1.78817619713,,1.0,61.0,forward
958,4.07056149197,parado,68.0,,red,forward,1.48707590571,,1.0,61.0,left
959,4.07056149197,parado,68.0,,red,forward,1.31743202412,,1.0,61.0,left
960,3.37984834867,forward,23.0,,green,forward,0.518309050329,,1.0,61.0,left
961,2.0037273018,parado,88.0,,green,right,-5.12747246979,,1.0,61.0,left
962,3.68146317554,parado,28.0,,red,parado,1.09008580159,,1.0,61.0,left
963,3.68146317554,parado,28.0,,red,parado,2.46836862112,,1.0,61.0,left
964,3.90462998449,parado,24.0,,red,right,2.04588190958,,1.0,61.0,left
965,4.53556337054,left,77.0,,green,left,1.97874280016,,1.0,61.0,left
966,2.31605726406,parado,52.0,,green,left,0.237435155867,,1.0,61.0,right
967,2.66955702684,right,10.0,,green,parado,2.50938033558,,1.0,61.0,right
968,3.36588455911,left,17.0,,green,parado,1.42026454795,,1.0,62.0,left
969,3.68146317554,parado,28.0,,red,parado,2.51289680595,,1.0,62.0,left
970,3.68146317554,parado,28.0,,red,parado,1.55181226152,,1.0,62.0,left
971,3.36588455911,left,17.0,,green,parado,2.28056699343,,1.0,62.0,left
972,3.70899729162,parado,36.0,,red,parado,2.66258733588,,1.0,62.0,forward
973,3.70899729162,parado,36.0,,red,parado,1.82501686507,,1.0,62.0,forward
974,3.70899729162,parado,36.0,,red,parado,1.39873770948,,1.0,62.0,forward
975,3.26583659124,forward,75.0,,green,forward,1.50774776677,,1.0,62.0,forward
976,3.70899729162,parado,36.0,,red,parado,1.03647878279,,1.0,62.0,forward
977,3.70899729162,parado,36.0,,red,parado,2.75103886284,,1.0,62.0,forward
978,3.70899729162,parado,36.0,,red,parado,2.61719730375,,1.0,62.0,forward
979,3.91999399663,forward,3.0,,green,parado,1.48912960154,,1.0,62.0,forward
980,3.70899729162,parado,36.0,,red,parado,1.70164417847,,1.0,63.0,forward
981,3.70899729162,parado,36.0,,red,parado,2.53451000634,,1.0,63.0,forward
982,3.70899729162,parado,36.0,,red,parado,1.70892330214,,1.0,63.0,forward
983,3.91999399663,forward,3.0,,green,parado,1.20503319402,,1.0,63.0,forward
984,3.70899729162,parado,36.0,,red,parado,2.6813526518,,1.0,63.0,forward
985,3.70899729162,parado,36.0,,red,parado,1.86781898338,,1.0,63.0,forward
986,3.70899729162,parado,36.0,,red,parado,1.38930390238,,1.0,63.0,forward
987,3.91999399663,forward,3.0,,green,parado,2.08066448589,,1.0,63.0,forward
988,3.70899729162,parado,36.0,,red,parado,2.53469652366,,1.0,63.0,forward
989,2.42637728322,right,34.0,,green,right,1.55134644704,,1.0,63.0,forward
990,3.37984834867,forward,23.0,,green,forward,1.38178114559,,1.0,63.0,left
991,4.53556337054,left,77.0,,green,left,1.77950518797,,1.0,63.0,left
992,3.70899729162,parado,36.0,,red,parado,2.57789001531,,1.0,63.0,forward
993,3.26583659124,forward,75.0,,green,forward,2.35149628033,,1.0,63.0,forward
994,2.66955702684,right,10.0,,green,parado,1.56812511411,,1.0,64.0,right
995,3.91999399663,forward,3.0,,green,parado,1.41277615177,,1.0,64.0,forward
996,3.91999399663,forward,3.0,,green,parado,2.15637284003,,1.0,64.0,forward
997,3.30628651863,parado,60.0,,red,forward,1.8001492049,,1.0,64.0,forward
998,3.30628651863,parado,60.0,,red,forward,2.68343721649,,1.0,64.0,forward
999,2.66722517345,left,45.0,,green,left,0.814298527833,,1.0,64.0,forward
1000,3.57355673399,parado,12.0,,red,parado,1.29508020449,,1.0,64.0,right
1001,2.66955702684,right,10.0,,green,parado,2.74368052129,,1.0,64.0,right
1002,4.53556337054,left,77.0,,green,left,1.02432332565,,1.0,64.0,left
1003,3.58675983971,parado,40.0,,red,left,1.9474545625,,1.0,64.0,forward
1004,3.58675983971,parado,40.0,,red,left,1.70580696101,,1.0,64.0,forward
1005,2.66722517345,left,45.0,,green,left,0.477357848554,,1.0,64.0,forward
1006,2.66955702684,right,10.0,,green,parado,1.53808049996,,1.0,64.0,right
1007,3.57355673399,parado,12.0,,red,parado,2.81935597962,,1.0,64.0,right
1008,3.45935394956,right,50.0,,red,left,1.58391037497,,1.0,64.0,right
1009,2.66955702684,right,10.0,,green,parado,1.91397700739,,1.0,65.0,right
1010,3.70899729162,parado,36.0,,red,parado,2.67412951988,,1.0,65.0,forward
1011,3.58675983971,parado,40.0,,red,left,1.72062519858,,1.0,65.0,forward
1012,3.58675983971,parado,40.0,,red,left,1.13888142651,,1.0,65.0,forward
1013,3.58675983971,parado,40.0,,red,left,2.05973606219,,1.0,65.0,forward
1014,2.66722517345,left,45.0,,green,left,0.743064481471,,1.0,65.0,forward
1015,2.66955702684,right,10.0,,green,parado,1.06840379013,,1.0,65.0,right
1016,3.68146317554,parado,28.0,,red,parado,1.1767980813,,1.0,65.0,left
1017,3.68146317554,parado,28.0,,red,parado,2.70812781522,,1.0,65.0,left
1018,3.68146317554,parado,28.0,,red,parado,1.07507783834,,1.0,65.0,left
1019,3.36588455911,left,17.0,,green,parado,1.13893808847,,1.0,65.0,left
1020,2.31605726406,parado,52.0,,green,left,1.55714398239,,1.0,66.0,right
1021,2.31605726406,parado,52.0,,green,left,0.322810042296,,1.0,66.0,right
1022,2.66955702684,right,10.0,,green,parado,2.43006207931,,1.0,66.0,right
1023,3.57355673399,parado,12.0,,red,parado,1.20454354048,,1.0,66.0,right
1024,3.45935394956,right,50.0,,red,left,2.682361762,,1.0,66.0,right
1025,2.66722517345,left,45.0,,green,left,1.32607272639,,1.0,66.0,forward
1026,3.57355673399,parado,12.0,,red,parado,2.00557317159,,1.0,66.0,right
1027,2.66955702684,right,10.0,,green,parado,2.7862733699,,1.0,66.0,right
1028,3.58675983971,parado,40.0,,red,left,2.12458968001,,1.0,67.0,forward
1029,3.58675983971,parado,40.0,,red,left,2.57754363064,,1.0,67.0,forward
1030,3.58675983971,parado,40.0,,red,left,2.14886541535,,1.0,67.0,forward
1031,3.58675983971,parado,40.0,,red,left,1.71311875354,,1.0,67.0,forward
1032,3.58675983971,parado,40.0,,red,left,1.40850306942,,1.0,67.0,forward
1033,2.66722517345,left,45.0,,green,left,1.16633202274,,1.0,67.0,forward
1034,3.73685055631,parado,84.0,,red,right,1.41879292169,,1.0,67.0,right
1035,3.73685055631,parado,84.0,,red,right,1.95069926307,,1.0,67.0,right
1036,3.73685055631,parado,84.0,,red,right,1.52537734527,,1.0,67.0,right
1037,3.57355673399,parado,12.0,,red,parado,1.69910050357,,1.0,67.0,right
1038,3.57355673399,parado,12.0,,red,parado,2.31720621267,,1.0,67.0,right
1039,2.66955702684,right,10.0,,green,parado,1.80583986931,,1.0,67.0,right
1040,3.66979867943,parado,92.0,,red,right,1.18608496134,,1.0,67.0,forward
1041,3.91999399663,forward,3.0,,green,parado,1.60314643801,,1.0,67.0,forward
1042,3.26583659124,forward,75.0,,green,forward,1.31264413651,,1.0,67.0,forward
1043,3.36588455911,left,17.0,,green,parado,1.07187457728,,1.0,67.0,left
1044,3.70899729162,parado,36.0,,red,parado,0.859426096434,,1.0,67.0,forward
1045,3.91999399663,forward,3.0,,green,parado,2.26215732619,,1.0,67.0,forward
1046,3.36588455911,left,17.0,,green,parado,1.40155952267,,1.0,68.0,left
1047,3.30628651863,parado,60.0,,red,forward,2.53733637773,,1.0,68.0,forward
1048,3.58675983971,parado,40.0,,red,left,2.49927573171,,1.0,68.0,forward
1049,3.58675983971,parado,40.0,,red,left,2.24400004377,,1.0,68.0,forward
1050,2.66722517345,left,45.0,,green,left,0.347852428782,,1.0,68.0,forward
1051,3.44678516329,right,6.0,,green,forward,1.55668565108,,1.0,68.0,right
1052,3.70899729162,parado,36.0,,red,parado,2.26499528066,,1.0,68.0,forward
1053,3.70899729162,parado,36.0,,red,parado,2.73025615933,,1.0,68.0,forward
1054,3.70899729162,parado,36.0,,red,parado,1.76547471889,,1.0,68.0,forward
1055,3.91999399663,forward,3.0,,green,parado,1.09232886888,,1.0,68.0,forward
1056,2.66955702684,right,10.0,,green,parado,2.82749759944,,1.0,68.0,right
1057,3.58675983971,parado,40.0,,red,left,2.12381344844,,1.0,68.0,forward
1058,3.58675983971,parado,40.0,,red,left,2.04517146017,,1.0,68.0,forward
1059,2.66722517345,left,45.0,,green,left,0.543993905272,,1.0,68.0,forward
1060,2.66955702684,right,10.0,,green,parado,2.61769206935,,1.0,68.0,right
1061,2.31605726406,parado,52.0,,green,left,1.16474682692,,1.0,68.0,right
1062,3.57355673399,parado,12.0,,red,parado,2.35808506201,,1.0,68.0,right
1063,3.57355673399,parado,12.0,,red,parado,1.61756283147,,1.0,68.0,right
1064,3.57355673399,parado,12.0,,red,parado,2.46755198767,,1.0,68.0,right
1065,2.66955702684,right,10.0,,green,parado,1.77783808163,,1.0,68.0,right
1066,4.53556337054,left,77.0,,green,left,1.46908477649,,1.0,68.0,left
1067,3.68146317554,parado,28.0,,red,parado,1.83206591239,,1.0,69.0,left
1068,3.90462998449,parado,24.0,,red,right,1.45051787337,,1.0,69.0,left
1069,3.68146317554,parado,28.0,,red,parado,2.64642095872,,1.0,69.0,left
1070,3.68146317554,parado,28.0,,red,parado,2.50953275308,,1.0,69.0,left
1071,3.36588455911,left,17.0,,green,parado,1.25270966424,,1.0,69.0,left
1072,3.26583659124,forward,75.0,,green,forward,1.91069985213,,1.0,69.0,forward
1073,2.66955702684,right,10.0,,green,parado,2.73135353539,,1.0,69.0,right
1074,3.70899729162,parado,36.0,,red,parado,2.13407356765,,1.0,69.0,forward
1075,3.70899729162,parado,36.0,,red,parado,0.891568314593,,1.0,69.0,forward
1076,3.91999399663,forward,3.0,,green,parado,1.73234858041,,1.0,69.0,forward
1077,4.00299896626,parado,80.0,,red,left,1.50342891235,,1.0,70.0,left
1078,4.00299896626,parado,80.0,,red,left,2.73169826682,,1.0,70.0,left
1079,4.00299896626,parado,80.0,,red,left,1.51838886422,,1.0,70.0,left
1080,4.00299896626,parado,80.0,,red,left,1.34533914866,,1.0,70.0,left
1081,4.00299896626,parado,80.0,,red,left,2.41139518883,,1.0,70.0,left
1082,4.53556337054,left,77.0,,green,left,2.23313517463,,1.0,70.0,left
1083,4.07056149197,parado,68.0,,red,forward,2.12860951675,,1.0,70.0,left
1084,3.37984834867,forward,23.0,,green,forward,1.52720113857,,1.0,70.0,left
1085,3.68146317554,parado,28.0,,red,parado,1.00896842857,,1.0,70.0,left
1086,3.36588455911,left,17.0,,green,parado,2.04684937533,,1.0,70.0,left
1087,3.70899729162,parado,36.0,,red,parado,2.04756773692,,1.0,70.0,forward
1088,3.70899729162,parado,36.0,,red,parado,1.50998789275,,1.0,70.0,forward
1089,3.66979867943,parado,92.0,,red,right,2.51888441131,,1.0,70.0,forward
1090,2.66722517345,left,45.0,,green,left,0.353225904544,,1.0,70.0,forward
1091,3.57355673399,parado,12.0,,red,parado,1.7076835562,,1.0,70.0,right
1092,3.57355673399,parado,12.0,,red,parado,2.40518781374,,1.0,70.0,right
1093,2.66955702684,right,10.0,,green,parado,1.89773584189,,1.0,70.0,right
1094,3.91999399663,forward,3.0,,green,parado,0.848597527475,,1.0,70.0,forward
1095,3.91999399663,forward,3.0,,green,parado,0.927326273628,,1.0,70.0,forward
1096,4.180592378,parado,56.0,,red,forward,2.19705968389,,1.0,70.0,right
1097,4.180592378,parado,56.0,,red,forward,0.78405595169,,1.0,70.0,right
1098,2.31605726406,parado,52.0,,green,left,0.324255944819,,1.0,70.0,right
1099,2.66955702684,right,10.0,,green,parado,0.873825031341,,1.0,70.0,right
1100,3.57355673399,parado,12.0,,red,parado,1.271819023,,1.0,71.0,right
1101,3.57355673399,parado,12.0,,red,parado,1.44198012178,,1.0,71.0,right
1102,3.73685055631,parado,84.0,,red,right,2.81358748864,,1.0,71.0,right
1103,2.31605726406,parado,52.0,,green,left,0.984769670426,,1.0,71.0,right
1104,2.66955702684,right,10.0,,green,parado,1.38387432998,,1.0,71.0,right
1105,2.66722517345,left,45.0,,green,left,-0.0642530673507,,1.0,71.0,forward
1106,2.31605726406,parado,52.0,,green,left,0.167081363891,,1.0,71.0,right
1107,2.31605726406,parado,52.0,,green,left,1.61321028467,,1.0,71.0,right
1108,2.66955702684,right,10.0,,green,parado,0.8955772539,,1.0,71.0,right
1109,3.30628651863,parado,60.0,,red,forward,1.87333118641,,1.0,71.0,forward
1110,3.26583659124,forward,75.0,,green,forward,2.4723106039,,1.0,71.0,forward
1111,3.57355673399,parado,12.0,,red,parado,1.06062550706,,1.0,71.0,right
1112,4.180592378,parado,56.0,,red,forward,0.877251410533,,1.0,71.0,right
1113,4.180592378,parado,56.0,,red,forward,1.96441362606,,1.0,71.0,right
1114,3.73685055631,parado,84.0,,red,right,2.45853324743,,1.0,71.0,right
1115,3.45935394956,right,50.0,,red,left,0.895107337063,,1.0,71.0,right
1116,3.91999399663,forward,3.0,,green,parado,1.37460412765,,1.0,71.0,forward
1117,2.66722517345,left,45.0,,green,left,-0.0944027089337,,1.0,71.0,forward
1118,2.66955702684,right,10.0,,green,parado,1.94009634855,,1.0,71.0,right
1119,3.45935394956,right,50.0,,red,left,-20.6812165622,,1.0,71.0,right
1120,3.45935394956,right,50.0,,red,left,1.60952917886,,1.0,71.0,right
1121,3.90462998449,parado,24.0,,red,right,1.98968776145,,1.0,72.0,left
1122,3.90462998449,parado,24.0,,red,right,2.05614259655,,1.0,72.0,left
1123,3.68146317554,parado,28.0,,red,parado,1.67999894011,,1.0,72.0,left
1124,3.68146317554,parado,28.0,,red,parado,2.12176663377,,1.0,72.0,left
1125,3.68146317554,parado,28.0,,red,parado,1.43619867965,,1.0,72.0,left
1126,3.68146317554,parado,28.0,,red,parado,2.89155509764,,1.0,72.0,left
1127,3.37984834867,forward,23.0,,green,forward,0.380390020164,,1.0,72.0,left
1128,3.37984834867,forward,23.0,,green,forward,1.43181024387,,1.0,72.0,left
1129,4.07056149197,parado,68.0,,red,forward,1.47488248681,,1.0,72.0,left
1130,4.07056149197,parado,68.0,,red,forward,1.93520823283,,1.0,72.0,left
1131,3.37984834867,forward,23.0,,green,forward,0.480570618288,,1.0,72.0,left
1132,3.68146317554,parado,28.0,,red,parado,1.22115013699,,1.0,72.0,left
1133,4.07056149197,parado,68.0,,red,forward,2.64346375596,,1.0,72.0,left
1134,3.37984834867,forward,23.0,,green,forward,0.811718336924,,1.0,72.0,left
1135,3.68146317554,parado,28.0,,red,parado,2.21826999236,,1.0,72.0,left
1136,3.36588455911,left,17.0,,green,parado,1.91885103479,,1.0,72.0,left
1137,3.68146317554,parado,28.0,,red,parado,1.60503814481,,1.0,72.0,left
1138,3.68146317554,parado,28.0,,red,parado,2.13438114873,,1.0,72.0,left
1139,3.68146317554,parado,28.0,,red,parado,0.618778682565,,1.0,72.0,left
1140,3.36588455911,left,17.0,,green,parado,1.71206628846,,1.0,72.0,left
1141,3.30628651863,parado,60.0,,red,forward,2.24069620103,,1.0,73.0,forward
1142,3.30628651863,parado,60.0,,red,forward,2.69156118357,,1.0,73.0,forward
1143,3.30628651863,parado,60.0,,red,forward,2.46071891441,,1.0,73.0,forward
1144,3.66979867943,parado,92.0,,red,right,1.86203157612,,1.0,73.0,forward
1145,3.30628651863,parado,60.0,,red,forward,2.16300409406,,1.0,73.0,forward
1146,3.26583659124,forward,75.0,,green,forward,1.15863984492,,1.0,73.0,forward
1147,3.91999399663,forward,3.0,,green,parado,2.17744617842,,1.0,73.0,forward
1148,2.66722517345,left,45.0,,green,left,1.63680820685,,1.0,73.0,forward
1149,2.66955702684,right,10.0,,green,parado,2.26668123326,,1.0,73.0,right
1150,3.57355673399,parado,12.0,,red,parado,0.83564846057,,1.0,73.0,right
1151,4.180592378,parado,56.0,,red,forward,2.53143994898,,1.0,73.0,right
1152,4.180592378,parado,56.0,,red,forward,1.21461568586,,1.0,73.0,right
1153,4.180592378,parado,56.0,,red,forward,0.788255041788,,1.0,73.0,right
1154,3.44678516329,right,6.0,,green,forward,2.30919428302,,1.0,73.0,right
1155,2.42637728322,right,34.0,,green,right,-0.212812828401,,1.0,73.0,forward
1156,3.37984834867,forward,23.0,,green,forward,-0.484224462601,,1.0,73.0,left
1157,3.37984834867,forward,23.0,,green,forward,-0.495526856616,,1.0,73.0,left
1158,3.68146317554,parado,28.0,,red,parado,0.375305721902,,1.0,73.0,left
1159,4.07056149197,parado,68.0,,red,forward,1.21440784869,,1.0,73.0,left
1160,3.90462998449,parado,24.0,,red,right,1.60780617617,,1.0,73.0,left
1161,3.57355673399,parado,12.0,,red,parado,1.31475141839,,1.0,74.0,right
1162,3.57355673399,parado,12.0,,red,parado,1.10092426493,,1.0,74.0,right
1163,3.57355673399,parado,12.0,,red,parado,1.78896291606,,1.0,74.0,right
1164,3.45935394956,right,50.0,,red,left,2.38665433098,,1.0,74.0,right
1165,3.70899729162,parado,36.0,,red,parado,1.84755001245,,1.0,74.0,forward
1166,3.91999399663,forward,3.0,,green,parado,1.33021188896,,1.0,74.0,forward
1167,2.66722517345,left,45.0,,green,left,0.966746584289,,1.0,74.0,forward
1168,2.31605726406,parado,52.0,,green,left,1.63342767824,,1.0,74.0,right
1169,2.66955702684,right,10.0,,green,parado,2.84068798118,,1.0,74.0,right
1170,3.90462998449,parado,24.0,,red,right,1.2379209673,,1.0,74.0,left
1171,3.36588455911,left,17.0,,green,parado,0.911168554587,,1.0,74.0,left
1172,3.70899729162,parado,36.0,,red,parado,2.07326992848,,1.0,74.0,forward
1173,3.70899729162,parado,36.0,,red,parado,2.43328517444,,1.0,74.0,forward
1174,3.91999399663,forward,3.0,,green,parado,2.41051614659,,1.0,74.0,forward
1175,3.70899729162,parado,36.0,,red,parado,1.14290122079,,1.0,74.0,forward
1176,3.58675983971,parado,40.0,,red,left,2.0065552268,,1.0,74.0,forward
1177,3.58675983971,parado,40.0,,red,left,0.978854813248,,1.0,74.0,forward
1178,2.66722517345,left,45.0,,green,left,1.0278040152,,1.0,74.0,forward
1179,3.57355673399,parado,12.0,,red,parado,1.86939332149,,1.0,74.0,right
1180,4.180592378,parado,56.0,,red,forward,1.72049718433,,1.0,74.0,right
1181,4.180592378,parado,56.0,,red,forward,1.26209578199,,1.0,74.0,right
1182,3.44678516329,right,6.0,,green,forward,2.14708015884,,1.0,74.0,right
1183,2.31605726406,parado,52.0,,green,left,0.297158414837,,1.0,74.0,right
1184,3.44678516329,right,6.0,,green,forward,0.38788408182,,1.0,74.0,right
1185,4.53556337054,left,77.0,,green,left,2.35174904369,,1.0,75.0,left
1186,3.91999399663,forward,3.0,,green,parado,1.05686802691,,1.0,75.0,forward
1187,3.70899729162,parado,36.0,,red,parado,2.74268557156,,1.0,75.0,forward
1188,3.70899729162,parado,36.0,,red,parado,2.11781354376,,1.0,75.0,forward
1189,3.91999399663,forward,3.0,,green,parado,1.22717889846,,1.0,75.0,forward
1190,3.70899729162,parado,36.0,,red,parado,2.02616052277,,1.0,75.0,forward
1191,3.70899729162,parado,36.0,,red,parado,1.82183418512,,1.0,75.0,forward
1192,3.91999399663,forward,3.0,,green,parado,1.52850648321,,1.0,75.0,forward
1193,2.66955702684,right,10.0,,green,parado,1.61661282282,,1.0,75.0,right
1194,2.66722517345,left,45.0,,green,left,0.122460786894,,1.0,75.0,forward
1195,4.180592378,parado,56.0,,red,forward,0.996167266218,,1.0,75.0,right
1196,4.180592378,parado,56.0,,red,forward,2.3432422769,,1.0,75.0,right
1197,4.180592378,parado,56.0,,red,forward,2.01530009175,,1.0,75.0,right
1198,2.31605726406,parado,52.0,,green,left,0.441588410963,,1.0,75.0,right
1199,4.88628994367,right,66.0,,green,right,1.97122567068,,1.0,75.0,right
1200,3.73685055631,parado,84.0,,red,right,0.989347573156,,1.0,75.0,right
1201,2.66955702684,right,10.0,,green,parado,1.35267880427,,1.0,75.0,right
1202,3.45935394956,right,50.0,,red,left,1.92439445394,,1.0,76.0,right
1203,3.91999399663,forward,3.0,,green,parado,1.89540799826,,1.0,76.0,forward
1204,3.30628651863,parado,60.0,,red,forward,2.43053180738,,1.0,76.0,forward
1205,3.30628651863,parado,60.0,,red,forward,2.21556328494,,1.0,76.0,forward
1206,2.66722517345,left,45.0,,green,left,0.534799698008,,1.0,76.0,forward
1207,2.66955702684,right,10.0,,green,parado,1.30320687161,,1.0,76.0,right
1208,3.58675983971,parado,40.0,,red,left,2.66357410565,,1.0,76.0,forward
1209,3.58675983971,parado,40.0,,red,left,2.43471041736,,1.0,76.0,forward
1210,3.58675983971,parado,40.0,,red,left,1.44721384774,,1.0,76.0,forward
1211,2.66722517345,left,45.0,,green,left,1.00747933337,,1.0,76.0,forward
1212,3.57355673399,parado,12.0,,red,parado,2.85915562026,,1.0,76.0,right
1213,3.57355673399,parado,12.0,,red,parado,2.08445065392,,1.0,76.0,right
1214,3.45935394956,right,50.0,,red,left,2.23001022678,,1.0,76.0,right
1215,3.70899729162,parado,36.0,,red,parado,1.92749554538,,1.0,77.0,forward
1216,3.66979867943,parado,92.0,,red,right,1.87948177595,,1.0,77.0,forward
1217,3.70899729162,parado,36.0,,red,parado,2.8908761011,,1.0,77.0,forward
1218,3.70899729162,parado,36.0,,red,parado,1.47423152853,,1.0,77.0,forward
1219,3.70899729162,parado,36.0,,red,parado,2.06061149031,,1.0,77.0,forward
1220,2.66722517345,left,45.0,,green,left,1.82405696919,,1.0,77.0,forward
1221,3.57355673399,parado,12.0,,red,parado,1.53675641482,,1.0,77.0,right
1222,2.66955702684,right,10.0,,green,parado,2.51798035051,,1.0,77.0,right
1223,3.91999399663,forward,3.0,,green,parado,2.48652468664,,1.0,77.0,forward
1224,3.30628651863,parado,60.0,,red,forward,2.49419104823,,1.0,77.0,forward
1225,3.26583659124,forward,75.0,,green,forward,2.71448930699,,1.0,77.0,forward
1226,3.44678516329,right,6.0,,green,forward,2.67237973151,,1.0,77.0,right
1227,3.70899729162,parado,36.0,,red,parado,1.41619229709,,1.0,77.0,forward
1228,3.91999399663,forward,3.0,,green,parado,1.71368824883,,1.0,77.0,forward
1229,3.45935394956,right,50.0,,red,left,2.20411572523,,1.0,78.0,right
1230,3.90462998449,parado,24.0,,red,right,2.96938745357,,1.0,78.0,left
1231,3.68146317554,parado,28.0,,red,parado,1.27536731831,,1.0,78.0,left
1232,3.36588455911,left,17.0,,green,parado,2.21269457262,,1.0,78.0,left
1233,3.91999399663,forward,3.0,,green,parado,1.29031662073,,1.0,78.0,forward
1234,3.70899729162,parado,36.0,,red,parado,2.64105443885,,1.0,78.0,forward
1235,3.70899729162,parado,36.0,,red,parado,1.09531625743,,1.0,78.0,forward
1236,3.91999399663,forward,3.0,,green,parado,0.898726001123,,1.0,78.0,forward
1237,3.36588455911,left,17.0,,green,parado,2.93540447093,,1.0,79.0,left
1238,3.70899729162,parado,36.0,,red,parado,2.23115751911,,1.0,79.0,forward
1239,3.58675983971,parado,40.0,,red,left,1.11886859301,,1.0,79.0,forward
1240,3.58675983971,parado,40.0,,red,left,2.60110239566,,1.0,79.0,forward
1241,2.66722517345,left,45.0,,green,left,1.84450346792,,1.0,79.0,forward
1242,2.66955702684,right,10.0,,green,parado,2.4965381928,,1.0,79.0,right
1243,3.70899729162,parado,36.0,,red,parado,1.27064459746,,1.0,79.0,forward
1244,2.42637728322,right,34.0,,green,right,1.66975911722,,1.0,79.0,forward
1245,3.36588455911,left,17.0,,green,parado,2.29530440713,,1.0,79.0,left
1246,3.91999399663,forward,3.0,,green,parado,0.970738520782,,1.0,79.0,forward
1247,3.57355673399,parado,12.0,,red,parado,1.88193613659,,1.0,79.0,right
1248,2.66955702684,right,10.0,,green,parado,1.25858047398,,1.0,79.0,right
1249,3.91999399663,forward,3.0,,green,parado,2.36324161586,,1.0,79.0,forward
1250,3.91999399663,forward,3.0,,green,parado,1.53304209132,,1.0,79.0,forward
